,Symbol,Series,Date,Prev Close,Open Price,High Price,Low Price,Last Price,Close Price,Average Price,Total Traded Quantity,Turnover,No. of Trades,Deliverable Qty,% Dly Qt to Traded Qty,Month,Year,VWAP,Day_Perc_Change,Trend
0,PNB,EQ,15-05-2017,169.15,169.95,171.3,166.2,166.85,166.8,168.94,7476618,1263123175,41641,1352589,18.09,5,2017,166.8,0,Slight or no chnage
1,PNB,EQ,16-05-2017,166.8,167.35,178,164.8,173.2,174.15,173.13,51532461,8921903968,254027,5804867,11.26,5,2017,173.2187341,0.044064748,Slight or no chnage
2,PNB,EQ,17-05-2017,174.15,173,173.1,164.3,164.8,165.05,167.27,26536944,4438941589,116512,7037498,26.52,5,2017,170.6847386,-0.052253804,Slight or no chnage
3,PNB,EQ,18-05-2017,165.05,163.4,164.4,157.9,158.25,158.5,161.06,13905573,2239612548,76746,3245443,23.34,5,2017,168.9810377,-0.039684944,Slight or no chnage
4,PNB,EQ,19-05-2017,158.5,159.5,162.25,154.1,155.2,155.2,157.59,16311602,2570540468,82394,2816963,17.27,5,2017,167.0392219,-0.020820189,Slight or no chnage
5,PNB,EQ,22-05-2017,155.2,157.5,158,150.25,151.05,150.95,153.77,11857847,1823358971,61559,1874308,15.81,5,2017,165.5442998,-0.027384021,Slight or no chnage
6,PNB,EQ,23-05-2017,150.95,151.95,154.35,145.55,149.1,149.75,150.19,18177361,2730134675,84779,2318975,12.76,5,2017,163.5751514,-0.007949652,Slight or no chnage
7,PNB,EQ,24-05-2017,149.75,149.7,152.35,146.5,147.3,147.45,149.16,12578488,1876156469,63143,1093155,8.69,5,2017,162.294472,-0.015358932,Slight or no chnage
8,PNB,EQ,25-05-2017,147.45,148.5,151.9,144.35,151.2,150.7,148.28,18805386,2788529746,70546,5106397,27.15,5,2017,161.0638833,0.02204137,Slight or no chnage
9,PNB,EQ,26-05-2017,150.7,151,153.3,149.6,150.3,150.65,151.23,9285518,1404293980,45352,1805638,19.45,5,2017,160.5453042,-0.000331785,Slight or no chnage
10,PNB,EQ,29-05-2017,150.65,150.45,151.85,143.05,143.65,145.1,147.58,8154328,1203406698,37624,1838845,22.55,5,2017,159.8981728,-0.036840358,Slight or no chnage
11,PNB,EQ,30-05-2017,145.1,143.9,148,142.4,146.45,146.35,146.11,10767305,1573237195,46802,2178803,20.24,5,2017,159.1879254,0.008614748,Slight or no chnage
12,PNB,EQ,31-05-2017,146.35,146.85,151.6,145,150.85,150.5,148.56,16851657,2503432202,62225,5241274,31.1,5,2017,158.5291546,0.028356679,Slight or no chnage
13,PNB,EQ,01-06-2017,150.5,151,152.3,149.25,151.6,151.9,150.95,9103808,1374191400,39672,969143,10.65,6,2017,158.2682863,0.009302326,Slight or no chnage
14,PNB,EQ,02-06-2017,151.9,153.4,154.05,150.9,153,153.05,152.87,7997880,1222653756,37217,1520732,19.01,6,2017,158.093912,0.00757077,Slight or no chnage
15,PNB,EQ,05-06-2017,153.05,153.45,154.75,152.8,153.85,153.8,153.8,5133407,789529480.9,27356,928075,18.08,6,2017,158.0037503,0.004900359,Slight or no chnage
16,PNB,EQ,06-06-2017,153.8,154.1,154.5,149.05,149.55,149.5,151.32,6081488,920237705.2,32123,1091219,17.94,6,2017,157.7973489,-0.027958388,Slight or no chnage
17,PNB,EQ,07-06-2017,149.5,149.5,153,149.25,152.65,152.35,151.17,7023536,1061741432,37817,1243197,17.7,6,2017,157.6488146,0.019063545,Slight or no chnage
18,PNB,EQ,08-06-2017,152.35,152.8,153.15,150.75,151.3,151.3,151.73,5183430,786460561.9,29855,892803,17.22,6,2017,157.5235746,-0.006892025,Slight or no chnage
19,PNB,EQ,09-06-2017,151.3,151,152.75,149.65,151.8,152.15,151.45,4215439,638407453.8,23742,531658,12.61,6,2017,157.4387294,0.005617978,Slight or no chnage
20,PNB,EQ,12-06-2017,152.15,151,151,147.5,148.6,148.4,148.89,6329251,942376196.2,33295,911020,14.39,6,2017,157.229412,-0.02464673,Slight or no chnage
21,PNB,EQ,13-06-2017,148.4,148.8,150.5,147.5,149.15,148.75,149.12,4610203,687463916.1,36325,825200,17.9,6,2017,157.0887533,0.002358491,Slight or no chnage
22,PNB,EQ,14-06-2017,148.75,149.6,152.7,148.3,152.2,152,150.56,8829217,1329301636,43060,1584689,17.95,6,2017,156.9320666,0.021848739,Slight or no chnage
23,PNB,EQ,15-06-2017,152,148.6,150.7,146.7,147.2,147.45,148.04,12486764,1848505520,55170,2697077,21.6,6,2017,156.5363906,-0.029934211,Slight or no chnage
24,PNB,EQ,16-06-2017,147.45,148.5,148.9,146.7,147.5,147.65,147.72,6445657,952149860.1,29679,2200753,34.14,6,2017,156.3490103,0.001356392,Slight or no chnage
25,PNB,EQ,19-06-2017,147.65,148.5,149,146.8,146.95,147.25,148.06,3972793,588220933,29398,690014,17.37,6,2017,156.232272,-0.002709109,Slight or no chnage
26,PNB,EQ,20-06-2017,147.25,146.9,147.6,143.5,144.05,143.9,144.66,11058383,1599745029,47839,4668493,42.22,6,2017,155.8070467,-0.022750424,Slight or no chnage
27,PNB,EQ,21-06-2017,143.9,144.1,146.65,143.5,146.15,146.2,145.79,6615254,964436954.9,49075,1607645,24.3,6,2017,155.6128894,0.015983322,Slight or no chnage
28,PNB,EQ,22-06-2017,146.2,146.95,147.9,144.75,145.35,145.55,146.58,4476023,656117024.6,26433,877736,19.61,6,2017,155.4771412,-0.004445964,Slight or no chnage
29,PNB,EQ,23-06-2017,145.55,145.75,146.55,142.1,144.1,143.9,144.08,6011716,866189019.7,36711,1388169,23.09,6,2017,155.271116,-0.011336311,Slight or no chnage
30,PNB,EQ,27-06-2017,143.9,144.4,144.4,135.6,136.2,137,137.82,11185507,1541598359,56355,1918992,17.16,6,2017,154.6855252,-0.047949965,Slight or no chnage
31,PNB,EQ,28-06-2017,137,134.4,138.25,132.65,136.6,136.5,136.05,10796349,1468875924,53240,1259571,11.67,6,2017,154.1398364,-0.003649635,Slight or no chnage
32,PNB,EQ,29-06-2017,136.5,138,139.75,134.8,138.1,138.05,137.11,9372758,1285095595,35607,2593740,27.67,6,2017,153.7313358,0.011355311,Slight or no chnage
33,PNB,EQ,30-06-2017,138.05,136.85,138.6,135.5,136.6,137.3,137.38,5476662,752375712.6,24323,738785,13.49,6,2017,153.4911392,-0.005432814,Slight or no chnage
34,PNB,EQ,03-07-2017,137.3,137.5,140,136.6,139.55,139.25,137.99,4541871,626729516.5,27851,1007586,22.18,7,2017,153.3205606,0.014202476,Slight or no chnage
35,PNB,EQ,04-07-2017,139.25,139.4,140.35,135.8,135.85,136.55,137.96,4799590,662130388,23419,999998,20.84,7,2017,153.11094,-0.019389587,Slight or no chnage
36,PNB,EQ,05-07-2017,136.55,136.4,137.6,135.25,136.6,136.6,136.59,6423645,877404578.4,31076,1765608,27.49,7,2017,152.839277,0.000366166,Slight or no chnage
37,PNB,EQ,06-07-2017,136.6,140.45,144.2,139.75,143.5,143.3,142.35,16877517,2402481653,77265,4314027,25.56,7,2017,152.4439822,0.049048316,Slight or no chnage
38,PNB,EQ,07-07-2017,143.3,143.6,144.8,142.45,144,144.2,143.77,6501418,934695017.9,33965,1583305,24.35,7,2017,152.314454,0.00628053,Slight or no chnage
39,PNB,EQ,10-07-2017,144.2,148,154.25,145.1,153.1,153.25,152.52,6737212,1027572512,31366,2308584,34.27,7,2017,152.3294422,0.062760055,Slight or no chnage
40,PNB,EQ,11-07-2017,153.25,154.35,155.1,148.7,149.4,149.4,152.06,10977204,1669203805,58220,3247898,29.59,7,2017,152.2549192,-0.025122349,Slight or no chnage
41,PNB,EQ,12-07-2017,149.4,149.85,152.9,148.4,152.7,152.35,150.8,7270322,1096351388,43114,1219587,16.77,7,2017,152.2564946,0.019745649,Slight or no chnage
42,PNB,EQ,13-07-2017,152.35,153.9,154.95,151,152.25,152.25,152.56,5383408,821293131.8,28742,706397,13.12,7,2017,152.2564159,-0.000656383,Slight or no chnage
43,PNB,EQ,14-07-2017,152.25,150,154.9,150,153.5,153.65,152.86,7808933,1193669216,40336,1174858,15.05,7,2017,152.2804937,0.009195402,Slight or no chnage
44,PNB,EQ,17-07-2017,153.65,153.35,154,151.5,153.2,152.9,152.64,7437053,1135184931,25801,2580884,34.7,7,2017,152.2905226,-0.004881224,Slight or no chnage
45,PNB,EQ,18-07-2017,152.9,152.9,158.95,151.9,155.8,154.85,156.41,12397695,1939177079,63499,2193026,17.69,7,2017,152.3577787,0.012753434,Slight or no chnage
46,PNB,EQ,19-07-2017,154.85,156.6,158.85,155.65,158.5,158.3,157.11,6062912,952563276.1,30248,1226640,20.23,7,2017,152.4331706,0.022279625,Slight or no chnage
47,PNB,EQ,20-07-2017,158.3,156.95,158.7,155.9,157.5,156.75,157.25,5441983,855750198.7,27241,765148,14.06,7,2017,152.4817776,-0.009791535,Slight or no chnage
48,PNB,EQ,21-07-2017,156.75,158,159.7,155.95,158.3,158.25,158.11,6926819,1095198030,33064,1499002,21.64,7,2017,152.5632803,0.009569378,Slight or no chnage
49,PNB,EQ,24-07-2017,158.25,158.5,163.4,158,161.5,161.3,161.32,8443748,1362127922,40919,1493556,17.69,7,2017,152.7112128,0.019273302,Slight or no chnage
50,PNB,EQ,25-07-2017,161.3,162.25,164.3,161.35,162.9,162.95,162.79,6869914,1118345156,34026,1818693,26.47,7,2017,152.8503482,0.010229386,Slight or no chnage
51,PNB,EQ,26-07-2017,162.95,162.5,163.7,158.1,158.55,158.9,161.25,8868577,1430080320,38957,2965878,33.44,7,2017,152.9546446,-0.02485425,Slight or no chnage
52,PNB,EQ,27-07-2017,158.9,159.95,160.9,153.5,155.15,154.15,156.8,11133709,1745793992,46308,3068462,27.56,7,2017,152.979968,-0.029893014,Slight or no chnage
53,PNB,EQ,28-07-2017,154.15,154,159.45,153,159.2,158.85,157.18,7759390,1219593960,34575,1706445,21.99,7,2017,153.0653741,0.030489783,Slight or no chnage
54,PNB,EQ,31-07-2017,158.85,154.9,163.4,154.35,162.7,162.3,160.44,13159766,2111394261,60702,3007727,22.86,7,2017,153.2877572,0.021718602,Slight or no chnage
55,PNB,EQ,01-08-2017,162.3,163.8,164.2,157,157.3,157.5,158.88,11446128,1818579760,56178,2601717,22.73,8,2017,153.374175,-0.029574861,Slight or no chnage
56,PNB,EQ,02-08-2017,157.5,159,162.2,157.35,157.85,158.95,159.57,31565886,5036922633,128703,4175010,13.23,8,2017,153.6727525,0.009206349,Slight or no chnage
57,PNB,EQ,03-08-2017,158.95,157.85,157.85,148.2,148.8,149.3,152.43,19702626,3003207925,95685,4736496,24.04,8,2017,153.5313261,-0.060710915,Slight or no chnage
58,PNB,EQ,04-08-2017,149.3,149.05,152.35,147.9,151.25,151.05,150.75,12895805,1944011310,67955,3110595,24.12,8,2017,153.4798879,0.011721366,Slight or no chnage
59,PNB,EQ,07-08-2017,151.05,151.3,153,151.05,152,152.1,152.13,5372108,817262134.1,32456,1165851,21.7,8,2017,153.4680736,0.006951341,Slight or no chnage
60,PNB,EQ,08-08-2017,152.1,153,153,145.5,148.85,148.8,148.66,11529949,1714088808,40487,1924997,16.7,8,2017,153.3838417,-0.021696252,Slight or no chnage
61,PNB,EQ,09-08-2017,148.8,148.5,150.3,146.5,147.75,148.3,148.69,7478797,1112015545,33269,621976,8.32,8,2017,153.3250275,-0.003360215,Slight or no chnage
62,PNB,EQ,10-08-2017,148.3,147.5,148.3,140.15,144.2,143.15,145.12,8506146,1234402067,37306,825204,9.7,8,2017,153.192883,-0.034726905,Slight or no chnage
63,PNB,EQ,11-08-2017,143.15,139,144.6,137.45,140.05,140.35,141.5,14050916,1988243139,69893,3081937,21.93,8,2017,152.9231528,-0.019559902,Slight or no chnage
64,PNB,EQ,14-08-2017,140.35,141.5,143.8,140.35,143.35,143.2,142.22,5282514,751283516.3,30158,1107335,20.96,8,2017,152.8469809,0.020306377,Slight or no chnage
65,PNB,EQ,16-08-2017,143.2,143.9,149.1,140.7,148.8,147.55,143.77,8003091,1150585706,39086,807207,10.09,8,2017,152.7848499,0.030377095,Slight or no chnage
66,PNB,EQ,17-08-2017,147.55,148.1,150.1,145.5,146.35,146.3,147.76,8384523,1238916848,35949,1326789,15.82,8,2017,152.7061278,-0.008471705,Slight or no chnage
67,PNB,EQ,18-08-2017,146.3,144,144.5,140.7,141.8,142.15,142.17,9195713,1307342822,50483,1441031,15.67,8,2017,152.5674317,-0.02836637,Slight or no chnage
68,PNB,EQ,21-08-2017,142.15,143,143.9,136.8,137.6,137.6,140.59,9064019,1274294900,50025,2188902,24.15,8,2017,152.3760705,-0.032008442,Slight or no chnage
69,PNB,EQ,22-08-2017,137.6,139,139.5,135.65,138.2,138,137.56,9256850,1273395513,53563,987686,10.67,8,2017,152.190779,0.002906977,Slight or no chnage
70,PNB,EQ,23-08-2017,138,139,143.1,138.25,142.6,142.65,141.41,9488136,1341696842,59355,1438038,15.16,8,2017,152.06638,0.033695652,Slight or no chnage
71,PNB,EQ,24-08-2017,142.65,141.5,145.5,140.25,143.9,144.3,142.72,8742823,1247799862,46316,1451701,16.6,8,2017,151.974179,0.011566772,Slight or no chnage
72,PNB,EQ,28-08-2017,144.3,144.3,145.95,143.95,144.9,144.85,144.79,5356187,775547858.1,39925,1568571,29.29,8,2017,151.9227381,0.003811504,Slight or no chnage
73,PNB,EQ,29-08-2017,144.85,143.25,145.4,140.25,141,141,142.97,6956667,994610565.7,54584,1965266,28.25,8,2017,151.8212542,-0.02657922,Slight or no chnage
74,PNB,EQ,30-08-2017,141,142.25,143.35,141.3,143.05,142.5,142.43,4286281,610515829.9,18619,1301616,30.37,8,2017,151.7681975,0.010638298,Slight or no chnage
75,PNB,EQ,31-08-2017,142.5,142.6,145,141.4,143.8,143.8,142.83,8964249,1280355814,34594,3323063,37.07,8,2017,151.6744587,0.009122807,Slight or no chnage
76,PNB,EQ,01-09-2017,143.8,144.1,145.8,143.9,144.3,144.45,144.78,5319966,770221192.4,22288,930797,17.5,9,2017,151.6243701,0.004520167,Slight or no chnage
77,PNB,EQ,04-09-2017,144.45,144.5,145.4,141.6,142.5,142.65,143.36,4522734,648361092,20150,346679,7.67,9,2017,151.5717833,-0.012461059,Slight or no chnage
78,PNB,EQ,05-09-2017,142.65,143.3,143.9,142.4,143.55,143.6,143.38,3193574,457905020.4,14574,372378,11.66,9,2017,151.5389351,0.006659657,Slight or no chnage
79,PNB,EQ,06-09-2017,143.6,142.25,142.6,138.35,138.7,139,139.87,12625243,1765901861,43368,5719430,45.3,9,2017,151.3379511,-0.032033426,Slight or no chnage
80,PNB,EQ,07-09-2017,139,140.4,140.4,137.55,139,138.95,138.98,8834660,1227860779,37615,2411057,27.29,9,2017,151.2005449,-0.000359712,Slight or no chnage
81,PNB,EQ,08-09-2017,138.95,139.4,139.8,137.1,137.75,137.85,138.24,4807096,664550906.7,22975,686279,14.28,9,2017,151.1204536,-0.007916517,Slight or no chnage
82,PNB,EQ,11-09-2017,137.85,138.9,139.5,137.75,138.3,138.15,138.6,3593970,498110788.4,19592,728489,20.27,9,2017,151.0625387,0.002176279,Slight or no chnage
83,PNB,EQ,12-09-2017,138.15,139.4,142,138,141.7,141.5,140.58,7355454,1034054077,44047,2264538,30.79,9,2017,150.9759439,0.024249005,Slight or no chnage
84,PNB,EQ,13-09-2017,141.5,141.95,144.8,141.15,143.35,143,143.42,6517642,934782219.1,33534,1821470,27.95,9,2017,150.912453,0.010600707,Slight or no chnage
85,PNB,EQ,14-09-2017,143,143,145.8,143,145.35,145.25,144.77,6985935,1011374692,32205,2035250,29.13,9,2017,150.8645483,0.015734266,Slight or no chnage
86,PNB,EQ,15-09-2017,145.25,144.2,146.4,143.6,144.05,144.65,144.71,5237646,757929785.4,23604,1317793,25.16,9,2017,150.8253788,-0.004130809,Slight or no chnage
87,PNB,EQ,18-09-2017,144.65,146,147.3,144.5,144.7,144.75,145.75,4089953,596106281,25242,1412985,34.55,9,2017,150.7956236,0.000691324,Slight or no chnage
88,PNB,EQ,19-09-2017,144.75,145.5,145.5,141.9,143.8,143.9,143.57,3878878,556906222.9,22619,438332,11.3,9,2017,150.7637422,-0.005872193,Slight or no chnage
89,PNB,EQ,20-09-2017,143.9,144,146.45,142.75,144.85,144.8,144.56,9509565,1374724266,31589,5119640,53.84,9,2017,150.6969013,0.006254343,Slight or no chnage
90,PNB,EQ,21-09-2017,144.8,144.2,145.7,141.35,141.8,141.8,142.6,4955855,706717489.5,24068,1053354,21.25,9,2017,150.6452369,-0.020718232,Slight or no chnage
91,PNB,EQ,22-09-2017,141.8,141.7,141.7,137.05,137.6,137.7,139.11,4339014,603615262.8,22869,918627,21.17,9,2017,150.5797534,-0.028913963,Slight or no chnage
92,PNB,EQ,25-09-2017,137.7,137.5,138.5,133.35,137.6,137.65,135.95,5005117,680437122.2,24593,720903,14.4,9,2017,150.5047451,-0.000363108,Slight or no chnage
93,PNB,EQ,26-09-2017,137.65,137.5,138.25,135.5,136.35,136.65,136.89,4156603,569002187,24906,908520,21.86,9,2017,150.4383167,-0.007264802,Slight or no chnage
94,PNB,EQ,27-09-2017,136.65,137.3,138.2,132.05,132.7,132.65,135.23,5049669,682851209.2,25195,1010710,20.02,9,2017,150.3353035,-0.029271862,Slight or no chnage
95,PNB,EQ,28-09-2017,132.65,132.8,133.9,130.2,130.75,130.75,131.98,6456704,852152232.2,28453,1167092,18.08,9,2017,150.1913468,-0.014323407,Slight or no chnage
96,PNB,EQ,29-09-2017,130.75,131.9,132.75,128.4,129.5,129.05,130.59,5696269,743878930.2,28838,1745159,30.64,9,2017,150.0551374,-0.013001912,Slight or no chnage
97,PNB,EQ,03-10-2017,129.05,130.85,131,128.2,129.4,129.6,129.32,6869737,888372479.4,26257,2788540,40.59,10,2017,149.8974254,0.004261914,Slight or no chnage
98,PNB,EQ,04-10-2017,129.6,129.9,132.2,129,130.35,129.95,130.43,4823213,629089708.4,22348,728220,15.1,10,2017,149.7900262,0.002700617,Slight or no chnage
99,PNB,EQ,05-10-2017,129.95,130.4,133.3,130,132.7,132.35,131.88,5435195,716800457.7,24369,1371152,25.23,10,2017,149.6848511,0.018468642,Slight or no chnage
100,PNB,EQ,06-10-2017,132.35,133,137.9,132.95,137.3,137.05,135.37,7521348,1018163150,30974,2808888,37.35,10,2017,149.5802811,0.0355119,Slight or no chnage
101,PNB,EQ,09-10-2017,137.05,137,137.85,135.15,137.2,137.3,136.67,4262474,582541535.1,17463,832841,19.54,10,2017,149.5229515,0.001824152,Slight or no chnage
102,PNB,EQ,10-10-2017,137.3,137.5,137.8,136.2,137,137,136.99,2373107,325099530.2,12433,413582,17.43,10,2017,149.4904872,-0.002184996,Slight or no chnage
103,PNB,EQ,11-10-2017,137,138,138.8,130.8,131,131.7,134.49,5753051,773714431.6,28557,1589050,27.62,10,2017,149.3793787,-0.038686131,Slight or no chnage
104,PNB,EQ,12-10-2017,131.7,132,134.3,129.95,133.7,133.8,132.13,5371109,709689630.3,24211,426446,7.94,10,2017,149.2890658,0.01594533,Slight or no chnage
105,PNB,EQ,13-10-2017,133.8,133.8,136.75,132.4,135,135,135.08,5481433,740413015.7,27510,567323,10.35,10,2017,149.2050284,0.00896861,Slight or no chnage
106,PNB,EQ,16-10-2017,135,135.45,136.35,132,134.2,133.85,133.95,4427314,593027108.9,20451,413209,9.33,10,2017,149.1324334,-0.008518519,Slight or no chnage
107,PNB,EQ,17-10-2017,133.85,133.8,136.8,133.35,134.45,134.4,134.94,4220328,569495838.5,18787,410807,9.73,10,2017,149.066336,0.004109077,Slight or no chnage
108,PNB,EQ,18-10-2017,134.4,133.1,133.85,130.4,131.25,130.9,132.06,6126357,809057945.7,28499,1700486,27.76,10,2017,148.9487884,-0.026041667,Slight or no chnage
109,PNB,EQ,19-10-2017,130.9,131,131.5,128.8,129.3,129.55,130,1148287,149282881.2,6684,490653,42.73,10,2017,148.9252898,-0.010313216,Slight or no chnage
110,PNB,EQ,23-10-2017,129.55,129.6,131.9,129,131.35,131,130.3,4381410,570896084.4,21648,799135,18.24,10,2017,148.84282,0.01119259,Slight or no chnage
111,PNB,EQ,24-10-2017,131,131.5,141.7,131,137.6,138.2,137.72,13692564,1885737338,63629,2547558,18.61,10,2017,148.691966,0.054961832,Slight or no chnage
112,PNB,EQ,25-10-2017,138.2,152,206.55,152,205.75,202.05,188.41,166547247,31378580984,539330,51280258,30.79,10,2017,156.5384367,0.462011577,Slight or no chnage
113,PNB,EQ,26-10-2017,202.05,212,231.45,201.1,218,213.6,213.21,124669249,26580974703,530017,10942333,8.78,10,2017,162.1967502,0.057164068,Slight or no chnage
114,PNB,EQ,27-10-2017,213.6,214,214,195.25,197.3,196.65,202.24,39213574,7930594969,185993,4697019,11.98,10,2017,163.2388559,-0.079353933,Slight or no chnage
115,PNB,EQ,30-10-2017,196.65,196.8,213,194.75,203.2,203.95,205.59,46136900,9485506633,219912,5565348,12.06,10,2017,164.6378639,0.03712179,Slight or no chnage
116,PNB,EQ,31-10-2017,203.95,203.95,206.9,196.6,197.5,197.15,200.08,27023668,5406962052,131164,3693136,13.67,10,2017,165.2793593,-0.033341505,Slight or no chnage
117,PNB,EQ,01-11-2017,197.15,202,206.3,198.25,199.05,198.9,201.6,28141909,5673452287,141284,7550245,26.83,11,2017,165.956268,0.00887649,Slight or no chnage
118,PNB,EQ,02-11-2017,198.9,199.05,203.5,196.05,197.55,197.45,199.16,20686765,4119909148,96785,4089733,19.77,11,2017,166.415579,-0.007290096,Slight or no chnage
119,PNB,EQ,03-11-2017,197.45,199.25,212,199.1,207.3,207.8,205.11,96398855,19772829282,415429,8992220,9.33,11,2017,169.0491397,0.052418334,Slight or no chnage
120,PNB,EQ,06-11-2017,207.8,206.8,207.6,199.7,201.9,201.2,203.97,21545767,4394627840,104792,4790795,22.24,11,2017,169.5000141,-0.031761309,Slight or no chnage
121,PNB,EQ,07-11-2017,201.2,204.8,204.8,188.65,191.25,190.8,194.91,27782722,5415228848,142432,4790672,17.24,11,2017,169.878345,-0.051689861,Slight or no chnage
122,PNB,EQ,08-11-2017,190.8,192.85,194.85,186.05,191.4,189.05,190.51,22869578,4356887978,105533,3066176,13.41,11,2017,170.1546137,-0.009171908,Slight or no chnage
123,PNB,EQ,09-11-2017,189.05,191.4,196.55,190.5,192.75,192.3,192.73,21212153,4088151897,96368,3453410,16.28,11,2017,170.446703,0.017191219,Slight or no chnage
124,PNB,EQ,10-11-2017,192.3,190,196,187,190,190.1,191.64,26367774,5053183087,130755,4053656,15.37,11,2017,170.7637283,-0.011440458,Slight or no chnage
125,PNB,EQ,13-11-2017,190.1,192,192.45,186.5,187,187.65,189.93,13730302,2607821504,67646,2630797,19.16,11,2017,170.9043868,-0.012887954,Slight or no chnage
126,PNB,EQ,14-11-2017,187.65,188.3,189.95,183.2,184.4,184.05,186.33,14459551,2694318621,64349,2799331,19.36,11,2017,171.0186996,-0.019184652,Slight or no chnage
127,PNB,EQ,15-11-2017,184.05,184.9,187.1,179.15,181.5,180.7,183.15,15478328,2834816725,69248,2387616,15.43,11,2017,171.1079876,-0.018201576,Slight or no chnage
128,PNB,EQ,16-11-2017,180.7,182.4,191.05,180.1,190.1,189.6,186.37,22146185,4127406057,104752,3194215,14.42,11,2017,171.3488255,0.049252905,Slight or no chnage
129,PNB,EQ,17-11-2017,189.6,198,200.9,189.8,190.7,190.8,195.21,28196846,5504318926,119814,4254216,15.09,11,2017,171.6661077,0.006329114,Slight or no chnage
130,PNB,EQ,20-11-2017,190.8,190.7,190.7,186.5,186.85,187.25,188.22,13291834,2501852585,51217,3138947,23.62,11,2017,171.7850218,-0.01860587,Slight or no chnage
131,PNB,EQ,21-11-2017,187.25,188.95,191.7,185.3,186,186.3,188.39,13806005,2600897756,56938,1994964,14.45,11,2017,171.8991594,-0.005073431,Slight or no chnage
132,PNB,EQ,22-11-2017,186.3,187,192.95,183.5,188.8,189.2,188.68,23941016,4517211162,117836,3075572,12.85,11,2017,172.1318999,0.015566291,Slight or no chnage
133,PNB,EQ,23-11-2017,189.2,189.3,189.6,184.95,186.5,186.5,187.06,14256077,2666704700,60880,2069311,14.52,11,2017,172.2460816,-0.014270613,Slight or no chnage
134,PNB,EQ,24-11-2017,186.5,187,189.2,185.05,185.95,186.1,187.07,11782239,2204079810,47651,2330427,19.78,11,2017,172.3364786,-0.002144772,Slight or no chnage
135,PNB,EQ,27-11-2017,186.1,184.95,186.65,182.85,185.2,185.85,184.91,10556535,1952047693,41208,1892143,17.92,11,2017,172.4150225,-0.001343364,Slight or no chnage
136,PNB,EQ,28-11-2017,185.85,186.7,187.85,182.8,183,183.7,185.79,13720114,2549118691,51303,2012049,14.66,11,2017,172.4996307,-0.011568469,Slight or no chnage
137,PNB,EQ,29-11-2017,183.7,184.1,184.7,180.5,181.35,181.6,182.85,9800911,1792107394,37943,2087025,21.29,11,2017,172.5481104,-0.011431682,Slight or no chnage
138,PNB,EQ,30-11-2017,181.6,180.9,180.9,175.35,176.85,176.1,177.99,17254860,3071193398,58439,4421454,25.62,11,2017,172.5811132,-0.030286344,Slight or no chnage
139,PNB,EQ,01-12-2017,176.1,177.1,178,170.1,170.3,171.5,175.02,13167162,2304467392,56914,2011155,15.27,12,2017,172.5735016,-0.026121522,Slight or no chnage
140,PNB,EQ,04-12-2017,171.5,171.9,174.35,169.5,174.35,173.2,171.89,12795662,2199478122,51153,1574344,12.3,12,2017,172.5777589,0.009912536,Slight or no chnage
141,PNB,EQ,05-12-2017,173.2,172.4,177.8,170.65,176.15,175.95,174.25,17498518,3049113011,72040,2606801,14.9,12,2017,172.6088083,0.015877598,Slight or no chnage
142,PNB,EQ,06-12-2017,175.95,175.4,175.8,170.95,171.4,172.1,173.76,12381441,2151458031,62519,1849411,14.94,12,2017,172.605515,-0.021881216,Slight or no chnage
143,PNB,EQ,07-12-2017,172.1,172.1,175.8,172.05,173.75,173.9,174.13,11340699,1974770839,43984,1886537,16.64,12,2017,172.6131442,0.010459035,Slight or no chnage
144,PNB,EQ,08-12-2017,173.9,174.35,175.3,172,172.5,172.7,173.28,8766071,1518963726,32946,1064991,12.15,12,2017,172.6135381,-0.006900518,Slight or no chnage
145,PNB,EQ,11-12-2017,172.7,174.05,175.3,171.85,172.45,172.95,173.65,7926307,1376388514,30049,1158751,14.62,12,2017,172.6149122,0.001447597,Slight or no chnage
146,PNB,EQ,12-12-2017,172.95,172.9,176.25,170.3,173.25,173.7,173.88,16854655,2930762144,54422,3208099,19.03,12,2017,172.6242538,0.004336513,Slight or no chnage
147,PNB,EQ,13-12-2017,173.7,173,173.7,166.45,167.55,167.8,170.5,11545396,1968443896,41534,1354898,11.74,12,2017,172.5959709,-0.033966609,Slight or no chnage
148,PNB,EQ,14-12-2017,167.8,169,170.65,166.15,169.4,169.6,168.43,12678906,2135480361,49678,1252261,9.88,12,2017,172.5768054,0.010727056,Slight or no chnage
149,PNB,EQ,15-12-2017,169.6,172.1,173.95,170.75,171.9,171.6,172.06,8768732,1508723209,40774,1504714,17.16,12,2017,172.5725029,0.011792453,Slight or no chnage
150,PNB,EQ,18-12-2017,171.6,168,180.6,161.85,179.9,178.75,175.67,27671940,4861255269,108770,3367532,12.17,12,2017,172.6571941,0.041666667,Slight or no chnage
151,PNB,EQ,19-12-2017,178.75,180.85,181,176.35,178.65,178.75,178.87,13603472,2433234854,60439,2263855,16.64,12,2017,172.6979825,0,Slight or no chnage
152,PNB,EQ,20-12-2017,178.75,171.9,172.8,169.4,170.55,170.5,170.92,63640511,10877210732,182756,33358997,52.42,12,2017,172.6312351,-0.046153846,Slight or no chnage
153,PNB,EQ,21-12-2017,170.5,171,174.9,170.5,173.15,173.5,172.95,18059283,3123435646,74660,6087753,33.71,12,2017,172.6386577,0.017595308,Slight or no chnage
154,PNB,EQ,22-12-2017,173.5,173.9,177.15,172.15,175.7,175.95,175.19,22577624,3955459551,70337,5996166,26.56,12,2017,172.6736536,0.014121037,Slight or no chnage
155,PNB,EQ,26-12-2017,175.95,175.9,175.9,172.55,174.2,174.3,174.13,9993708,1740158641,44496,2567892,25.7,12,2017,172.6812263,-0.009377664,Slight or no chnage
156,PNB,EQ,27-12-2017,174.3,174.2,177.7,172.7,173,174.1,175.22,14740959,2582954206,55758,4521155,30.67,12,2017,172.6909041,-0.001147447,Slight or no chnage
157,PNB,EQ,28-12-2017,174.1,173.25,174.5,170,170.25,170.8,171.37,18945479,3246686026,53890,8648072,45.65,12,2017,172.6744709,-0.018954624,Slight or no chnage
158,PNB,EQ,29-12-2017,170.8,171.8,173.65,170.65,171.55,171.4,172,9789074,1683721287,46985,2654665,27.12,12,2017,172.6687736,0.003512881,Slight or no chnage
159,PNB,EQ,01-01-2018,171.4,172.95,173.4,168.9,169.7,169.75,171.31,7869149,1348032197,35893,1423821,18.09,1,2018,172.6583223,-0.009626604,Slight or no chnage
160,PNB,EQ,02-01-2018,169.75,170.5,170.9,165.4,166.15,166.4,167.26,13729132,2296383278,54266,3567217,25.98,1,2018,172.6194681,-0.019734904,Slight or no chnage
161,PNB,EQ,03-01-2018,166.4,168,169.3,166.2,166.5,166.6,167.66,8534233,1430884734,36317,1413490,16.56,1,2018,172.5963268,0.001201923,Slight or no chnage
162,PNB,EQ,04-01-2018,166.6,167.35,179.7,165.4,178,176.45,172.88,31613344,5465302502,121680,9106491,28.81,1,2018,172.6504357,0.059123649,Slight or no chnage
163,PNB,EQ,05-01-2018,176.45,180.4,180.5,175.4,176.05,176,177.47,15500426,2750899296,64260,2886355,18.62,1,2018,172.6733378,-0.002550298,Slight or no chnage
164,PNB,EQ,08-01-2018,176,177.05,178.15,175.1,175.65,175.7,176.41,7302294,1288170169,37673,2078930,28.47,1,2018,172.6830557,-0.001704545,Slight or no chnage
165,PNB,EQ,09-01-2018,175.7,175.3,177.9,174.05,174.55,174.65,176.09,11152776,1963904063,42093,1919693,17.21,1,2018,172.692654,-0.005976096,Slight or no chnage
166,PNB,EQ,10-01-2018,174.65,174.45,174.9,170,170.1,170.65,171.9,9021131,1550728455,44835,2239225,24.82,1,2018,172.6846231,-0.022902949,Slight or no chnage
167,PNB,EQ,11-01-2018,170.65,170.3,173.6,169.55,173.3,172.75,171.84,8683986,1492224624,35136,2854421,32.87,1,2018,172.6848696,0.012305889,Slight or no chnage
168,PNB,EQ,12-01-2018,172.75,173.5,174.9,171.45,174.5,174.2,173.3,11223630,1945015985,48951,3181557,28.35,1,2018,172.6922171,0.008393632,Slight or no chnage
169,PNB,EQ,15-01-2018,174.2,174.95,175.85,171.85,172.05,172.15,173.69,7104648,1234018256,31984,1377316,19.39,1,2018,172.6905578,-0.011768083,Slight or no chnage
170,PNB,EQ,16-01-2018,172.15,172.25,172.95,165.1,165.7,165.55,168.39,11916843,2006678920,52318,4407267,36.98,1,2018,172.6540909,-0.038338658,Slight or no chnage
171,PNB,EQ,17-01-2018,165.55,165.5,177,162.65,176.5,175.55,170.24,25299752,4307074228,112693,6443514,25.47,1,2018,172.6851524,0.060404712,Slight or no chnage
172,PNB,EQ,18-01-2018,175.55,180.7,182.75,168.65,170.35,170.5,176.38,32923946,5807099731,122684,9442984,28.68,1,2018,172.6550712,-0.028766733,Slight or no chnage
173,PNB,EQ,19-01-2018,170.5,170.8,178,169.35,176.9,176.4,174.6,21519974,3757406128,82002,2831150,13.16,1,2018,172.6884674,0.034604106,Slight or no chnage
174,PNB,EQ,22-01-2018,176.4,176.1,177.3,172.2,176.2,176,174.99,11370450,1989668155,53117,1499109,13.18,1,2018,172.7039976,-0.002267574,Slight or no chnage
175,PNB,EQ,23-01-2018,176,176.05,187.8,175.25,186,185.8,182.22,28176767,5134408466,126351,7040900,24.99,1,2018,172.8544439,0.055681818,Slight or no chnage
176,PNB,EQ,24-01-2018,185.8,185.25,196.35,182.1,195.45,194.65,189.78,50753260,9631897382,202903,7838343,15.44,1,2018,173.2963078,0.047631862,Slight or no chnage
177,PNB,EQ,25-01-2018,194.65,197,197,180,181.4,180.9,184.93,45808402,8471233858,168212,10313389,22.51,1,2018,173.4329395,-0.07063961,Slight or no chnage
178,PNB,EQ,29-01-2018,180.9,181.7,182.35,172.6,173,173.95,176.95,18481283,3270351905,82440,3354700,18.15,1,2018,173.436661,-0.038419016,Slight or no chnage
179,PNB,EQ,30-01-2018,173.95,173.3,175.9,171.4,172.25,172.65,173.47,16914910,2934151012,78294,1998243,11.81,1,2018,173.4315129,-0.007473412,Slight or no chnage
180,PNB,EQ,31-01-2018,172.65,171.5,175.2,168.8,170.9,171.35,171.88,15313331,2632087999,76747,2136398,13.95,1,2018,173.4192533,-0.007529684,Slight or no chnage
181,PNB,EQ,01-02-2018,171.35,172.8,174.6,166,167.2,167.55,170.02,15801115,2686546720,74929,4161682,26.34,2,2018,173.3837991,-0.022176831,Slight or no chnage
182,PNB,EQ,02-02-2018,167.55,165,168.7,160.5,161.15,161.85,164.21,17622089,2893756743,85551,2400486,13.62,2,2018,173.3066182,-0.034019696,Slight or no chnage
183,PNB,EQ,05-02-2018,161.85,158,166.2,156.9,165.65,163.7,162.22,20688955,3356103403,88499,3269743,15.8,2,2018,173.2317338,0.011430337,Slight or no chnage
184,PNB,EQ,06-02-2018,163.7,151.25,164.7,151.25,161.75,161.05,158.28,27530912,4357606883,117860,4436913,16.12,2,2018,173.1066706,-0.016188149,Slight or no chnage
185,PNB,EQ,07-02-2018,161.05,163.95,164.9,155.6,156,156.55,158.77,22887593,3633758190,103251,5142271,22.47,2,2018,172.9665563,-0.027941633,Slight or no chnage
186,PNB,EQ,08-02-2018,156.55,157,161.5,156.6,159.3,159.35,159.2,16358889,2604349044,63972,1784870,10.91,2,2018,172.8846889,0.01788566,Slight or no chnage
187,PNB,EQ,09-02-2018,159.35,156,158,155.3,156.9,156.8,156.68,9608396,1505453377,47395,1547723,16.11,2,2018,172.8280881,-0.01600251,Slight or no chnage
188,PNB,EQ,12-02-2018,156.8,157.05,163.95,156.5,161.65,161.65,161.33,15391679,2483130194,68171,2437712,15.84,2,2018,172.7654308,0.030931122,Slight or no chnage
189,PNB,EQ,14-02-2018,161.65,158.95,158.95,144.65,144.85,145.85,150.09,68396778,10265480651,315536,13406936,19.6,2,2018,172.1112923,-0.097742035,Slight or no chnage
190,PNB,EQ,15-02-2018,145.85,137.6,139.7,125.25,127.05,128.25,133.68,177112217,23677110121,626019,27841783,15.72,2,2018,169.514384,-0.120671923,Slight or no chnage
191,PNB,EQ,16-02-2018,128.25,125.6,128.4,120.55,126.1,125.55,124.06,156691203,19439883928,511094,9467950,6.04,2,2018,167.3261216,-0.021052632,Slight or no chnage
192,PNB,EQ,19-02-2018,125.55,122,123.5,113.55,115.1,116.5,117.83,130898125,15424098084,418683,13365682,10.21,2,2018,165.2971244,-0.072082836,Slight or no chnage
193,PNB,EQ,20-02-2018,116.5,113.9,118.45,111,117.05,116.55,114.45,146638863,16782659492,431522,9478929,6.46,2,2018,163.2104299,0.000429185,Slight or no chnage
194,PNB,EQ,21-02-2018,116.55,118.15,119.5,115.55,116.85,117.3,117.04,67541786,7905306572,210984,3540111,5.24,2,2018,162.3227321,0.006435006,Slight or no chnage
195,PNB,EQ,22-02-2018,117.3,114.6,116.8,113.7,114.05,114.6,115.42,45302555,5228609748,126277,7027850,15.51,2,2018,161.7117434,-0.023017903,Slight or no chnage
196,PNB,EQ,23-02-2018,114.6,114.4,116.95,112.3,113.5,113.45,114.54,45035931,5158582677,152663,5295387,11.76,2,2018,161.1052101,-0.010034904,Slight or no chnage
197,PNB,EQ,26-02-2018,113.45,115,115,110.15,111.9,112,112.49,42608524,4793114219,141319,7574532,17.78,2,2018,160.5282002,-0.012780961,Slight or no chnage
198,PNB,EQ,27-02-2018,112,106.8,106.8,96.05,97.55,98.35,100.48,202069429,20303938484,534476,33795117,16.72,2,2018,157.2461397,-0.121875,Slight or no chnage
199,PNB,EQ,28-02-2018,98.35,93.6,102.4,92,101.4,101.4,97.03,210781693,20451980887,517399,13508390,6.41,2,2018,154.3316906,0.031011693,Slight or no chnage
200,PNB,EQ,01-03-2018,101.4,100.7,103.75,98.8,100.8,101.05,101.45,122105493,12387413737,343292,6325364,5.18,3,2018,152.7681519,-0.003451677,Slight or no chnage
201,PNB,EQ,05-03-2018,101.05,99.9,102.4,98.8,99.1,100.1,100.54,59237515,5955997777,181694,8341803,14.08,3,2018,152.028885,-0.009401286,Slight or no chnage
202,PNB,EQ,06-03-2018,100.1,101,102,96.8,96.95,97.85,99.86,43475662,4341282008,132969,3243523,7.46,3,2018,151.4764495,-0.022477522,Slight or no chnage
203,PNB,EQ,07-03-2018,97.85,96,96.9,94.05,95.1,95.5,95.48,52573179,5019751898,147265,6595180,12.54,3,2018,150.7946562,-0.024016352,Slight or no chnage
204,PNB,EQ,08-03-2018,95.5,96.15,97.45,94.3,96.5,96.65,95.85,34680221,3324263839,99274,2448666,7.06,3,2018,150.3630922,0.012041885,Slight or no chnage
205,PNB,EQ,09-03-2018,96.65,97.4,97.65,95,95.1,95.6,96.22,30239013,2909548291,85408,2739254,9.06,3,2018,149.9851239,-0.010863942,Slight or no chnage
206,PNB,EQ,12-03-2018,95.6,96.2,96.3,91.25,94.8,94.6,93.58,45021305,4212994197,112787,3103755,6.89,3,2018,149.4217832,-0.010460251,Slight or no chnage
207,PNB,EQ,13-03-2018,94.6,94.2,102.65,93.3,97.25,97.95,98.92,86099105,8517294455,247145,5615322,6.52,3,2018,148.4396711,0.035412262,Slight or no chnage
208,PNB,EQ,14-03-2018,97.95,94,100.35,93.3,99.9,99.3,96.39,83449240,8043809988,228015,6521235,7.81,3,2018,147.5474148,0.013782542,Slight or no chnage
209,PNB,EQ,15-03-2018,99.3,99.3,101,97.8,97.95,98.55,99.27,42911688,4259848703,123064,3551889,8.28,3,2018,147.0941546,-0.00755287,Slight or no chnage
210,PNB,EQ,16-03-2018,98.55,98.4,102.25,97.6,98.7,98.85,100.1,55339873,5539541309,170623,4664498,8.43,3,2018,146.5253917,0.00304414,Slight or no chnage
211,PNB,EQ,19-03-2018,98.85,98.55,100.45,96.1,96.15,96.55,97.78,33530881,3278735408,95053,3528263,10.52,3,2018,146.170939,-0.023267577,Slight or no chnage
212,PNB,EQ,20-03-2018,96.55,96,97.5,95.25,96.95,96.85,96.47,27906714,2692059211,78366,3186708,11.42,3,2018,145.8815106,0.003107198,Slight or no chnage
213,PNB,EQ,21-03-2018,96.85,97.55,99.15,97.15,97.45,97.6,98.16,23276651,2284734165,60523,3200984,13.75,3,2018,145.6463407,0.007743934,Slight or no chnage
214,PNB,EQ,22-03-2018,97.6,97.65,98.15,95.7,95.8,96.55,96.86,16401398,1588634863,41827,1822531,11.11,3,2018,145.4784129,-0.010758197,Slight or no chnage
215,PNB,EQ,23-03-2018,96.55,94.45,95.1,92.75,92.95,93.15,93.6,23075193,2159804696,66540,3274377,14.19,3,2018,145.2278074,-0.035214915,Slight or no chnage
216,PNB,EQ,26-03-2018,93.15,93.4,96.45,93.05,95.85,95.8,94.73,26795299,2538436731,72964,5361408,20.01,3,2018,144.9544511,0.028448739,Slight or no chnage
217,PNB,EQ,27-03-2018,95.8,97.2,100,96.3,99.15,99.45,98.34,29403384,2891661215,88797,4166540,14.17,3,2018,144.6799635,0.038100209,Slight or no chnage
218,PNB,EQ,28-03-2018,99.45,97.95,99.15,94.55,94.95,95.3,96.94,30109801,2918966715,75961,6654476,22.1,3,2018,144.3768147,-0.041729512,Slight or no chnage
219,PNB,EQ,02-04-2018,95.3,96.3,96.85,95.4,96.4,96.3,96.13,13543335,1301912749,40903,1371072,10.12,4,2018,144.244423,0.010493179,Slight or no chnage
220,PNB,EQ,03-04-2018,96.3,97.55,98.9,94.65,95.5,95.45,96.33,25344799,2441461327,78143,5110809,20.17,4,2018,143.9942582,-0.008826584,Slight or no chnage
221,PNB,EQ,04-04-2018,95.45,96,97,94.2,94.4,94.4,95.59,21491684,2054421565,53607,2990799,13.92,4,2018,143.7795814,-0.011000524,Slight or no chnage
222,PNB,EQ,05-04-2018,94.4,95.9,98.1,95.15,97.35,97,96.28,25894057,2493207370,69489,7622228,29.44,4,2018,143.5368754,0.027542373,Slight or no chnage
223,PNB,EQ,06-04-2018,97,97.15,102.85,95.85,102.1,102.15,100.04,47882204,4790187362,145050,6623983,13.83,4,2018,143.1435842,0.053092784,Slight or no chnage
224,PNB,EQ,09-04-2018,102.15,103.9,105.55,101.3,105.1,105.25,103.96,50232626,5222017264,154857,5490774,10.93,4,2018,142.7695419,0.030347528,Slight or no chnage
225,PNB,EQ,10-04-2018,105.25,106.75,106.75,104.25,104.95,105.2,105.44,29470636,3107382509,88699,3835666,13.02,4,2018,142.5532268,-0.000475059,Slight or no chnage
226,PNB,EQ,11-04-2018,105.2,103.5,104.15,101.3,102.05,102.2,102.42,24512955,2510617006,73932,3371866,13.76,4,2018,142.3608908,-0.02851711,Slight or no chnage
227,PNB,EQ,12-04-2018,102.2,102.25,102.9,100.2,101.1,101.25,101.65,20289152,2062334780,54294,1650191,8.13,4,2018,142.1993444,-0.009295499,Slight or no chnage
228,PNB,EQ,13-04-2018,101.25,101.5,103,100.8,101,101.3,101.91,15646434,1594452450,48635,1648080,10.53,4,2018,142.0757798,0.000493827,Slight or no chnage
229,PNB,EQ,16-04-2018,101.3,100.75,101.75,98.45,99.1,99.15,99.7,18763829,1870677910,57653,2408219,12.83,4,2018,141.9208155,-0.021224087,Slight or no chnage
230,PNB,EQ,17-04-2018,99.15,99.8,100.35,97.6,98.05,97.95,98.91,17990215,1779483480,53721,2704330,15.03,4,2018,141.7691482,-0.012102874,Slight or no chnage
231,PNB,EQ,18-04-2018,97.95,98.05,99,97,97.15,97.15,97.84,19430044,1901023115,57542,2188104,11.26,4,2018,141.6035439,-0.008167432,Slight or no chnage
232,PNB,EQ,19-04-2018,97.15,97.85,97.85,95.8,96.1,96.1,96.65,15064019,1455924819,40293,3497301,23.22,4,2018,141.4729826,-0.010808029,Slight or no chnage
233,PNB,EQ,20-04-2018,96.1,95.2,95.5,92.8,93.9,93.6,93.65,21889815,2050012600,75741,5100816,23.3,4,2018,141.2742111,-0.026014568,Slight or no chnage
234,PNB,EQ,23-04-2018,93.6,93.9,95.4,93.25,94.05,94.1,94.24,15414423,1452707302,49180,2092646,13.58,4,2018,141.1366849,0.00534188,Slight or no chnage
235,PNB,EQ,24-04-2018,94.1,94.4,94.65,92.9,93.1,93.15,93.6,11744430,1099227977,35948,2167202,18.45,4,2018,141.0303336,-0.010095643,Slight or no chnage
236,PNB,EQ,25-04-2018,93.15,93.1,93.8,92,92.2,92.3,92.85,12918338,1199501312,40828,2169641,16.8,4,2018,140.9118281,-0.009125067,Slight or no chnage
237,PNB,EQ,26-04-2018,92.3,92.35,92.6,90.5,90.7,91,91.59,18724350,1714903655,54254,4694796,25.07,4,2018,140.7365149,-0.014084507,Slight or no chnage
238,PNB,EQ,27-04-2018,91,91.25,94.6,91.1,93.1,93.4,93.36,25205308,2353282883,69784,4116519,16.33,4,2018,140.5137514,0.026373626,Slight or no chnage
239,PNB,EQ,30-04-2018,93.4,94.4,95.7,93.35,95.5,95.4,94.83,13703163,1299505688,80229,2787647,20.34,4,2018,140.3986247,0.021413276,Slight or no chnage
240,PNB,EQ,02-05-2018,95.4,95.9,96,92.55,92.85,92.8,93.71,10845584,1016368245,43589,2810667,25.92,5,2018,140.3026808,-0.027253669,Slight or no chnage
241,PNB,EQ,03-05-2018,92.8,93,93.6,91.8,91.9,92.05,92.32,11643684,1075003096,37548,1824705,15.67,5,2018,140.1984868,-0.008081897,Slight or no chnage
242,PNB,EQ,04-05-2018,92.05,92.75,93.15,91.1,91.6,91.55,91.97,11462253,1054176205,35752,1771204,15.45,5,2018,140.0952943,-0.005431831,Slight or no chnage
243,PNB,EQ,07-05-2018,91.55,92.5,94.65,92.1,93.8,93.8,93.71,13839790,1296923101,45001,2448721,17.69,5,2018,139.9770271,0.024576734,Slight or no chnage
244,PNB,EQ,08-05-2018,93.8,94.2,95.65,92.35,92.75,92.65,93.66,18546850,1737069743,52791,2049577,11.05,5,2018,139.8155566,-0.012260128,Slight or no chnage
245,PNB,EQ,09-05-2018,92.65,93.2,93.5,92.7,93,93,93.06,6730710,626390012.4,23820,776191,11.53,5,2018,139.7576634,0.003777658,Slight or no chnage
246,PNB,EQ,10-05-2018,93,93.1,93.65,91.05,91.25,91.4,92.13,11303169,1041359272,34228,2304406,20.39,5,2018,139.6574466,-0.017204301,Slight or no chnage
247,PNB,EQ,11-05-2018,91.4,91.85,91.9,87.2,88.8,88.8,89,19914360,1772426226,62413,3832150,19.24,5,2018,139.4724288,-0.028446389,Slight or no chnage
248,PNB,EQ,14-05-2018,88.8,89,90.85,88,89.35,89.3,89.47,15634508,1398743211,52658,1947679,12.46,5,2018,139.3295384,0.005630631,Slight or no chnage
249,PNB,EQ,15-05-2018,89.3,89,91.5,83.55,83.85,85.95,88.34,29556673,2611006099,85195,5147925,17.42,5,2018,139.0436791,-0.037513998,Slight or no chnage
250,PNB,EQ,16-05-2018,85.95,79.15,80,74.15,75.7,75.6,76.29,98523673,7516485019,263304,15850082,16.09,5,2018,137.9310084,-0.120418848,Slight or no chnage
251,PNB,EQ,17-05-2018,75.6,76,77,74.4,76.55,76.45,75.68,37034469,2802760650,98073,3706849,10.01,5,2018,137.5283553,0.011243386,Slight or no chnage
252,PNB,EQ,18-05-2018,76.45,76.4,77,74.5,74.8,74.75,75.85,25068232,1901462487,64160,4018604,16.03,5,2018,137.2512807,-0.022236756,Slight or no chnage
253,PNB,EQ,21-05-2018,74.75,76,78.7,75.3,77.9,78.15,76.98,29693002,2285681917,75887,3944452,13.28,5,2018,136.9439192,0.04548495,Slight or no chnage
254,PNB,EQ,22-05-2018,78.15,78.05,83.55,76.6,81.05,81.55,80.76,47285396,3818887455,118637,4347989,9.2,5,2018,136.4889251,0.043506078,Slight or no chnage
255,PNB,EQ,23-05-2018,81.55,81.4,83.5,79.7,80.75,80.55,81.91,29450321,2412215885,76144,2697822,9.16,5,2018,136.2042138,-0.012262416,Slight or no chnage
256,PNB,EQ,24-05-2018,80.55,80.7,82.5,80.05,82.35,82.1,81.42,19933989,1622967273,48522,2064728,10.36,5,2018,136.0184623,0.019242706,Slight or no chnage
257,PNB,EQ,25-05-2018,82.1,81.95,84.55,81.3,83.6,83.35,83.11,19102160,1587532024,52027,2807418,14.7,5,2018,135.8457539,0.015225335,Slight or no chnage
258,PNB,EQ,28-05-2018,83.35,83.7,89.6,83.6,88.4,88.7,87.43,34946952,3055492625,96971,4422380,12.65,5,2018,135.564606,0.064187163,Slight or no chnage
259,PNB,EQ,29-05-2018,88.7,88.5,89.2,85.25,85.45,85.65,87.19,27758350,2420205425,90847,6309512,22.73,5,2018,135.3292898,-0.034385569,Slight or no chnage
260,PNB,EQ,30-05-2018,85.65,84.6,87,84.3,86.05,86.1,85.84,18814541,1615104966,52657,2500535,13.29,5,2018,135.172484,0.00525394,Slight or no chnage
261,PNB,EQ,31-05-2018,86.1,86.65,87,83.25,83.9,83.65,84.78,17359606,1471828999,51006,3270262,18.84,5,2018,135.0215082,-0.028455285,Slight or no chnage
262,PNB,EQ,01-06-2018,83.65,84,84.85,82.05,83.2,82.95,83.31,20636225,1719197831,58753,2091487,10.14,6,2018,134.840753,-0.008368201,Slight or no chnage
263,PNB,EQ,04-06-2018,82.95,83.6,85,82.2,83.6,83.2,83.66,15456025,1293038064,43413,1620882,10.49,6,2018,134.7068399,0.003013864,Slight or no chnage
264,PNB,EQ,05-06-2018,83.2,83.2,83.8,81.05,82.65,82.65,82.4,14615089,1204351434,43049,1320337,9.03,6,2018,134.5795047,-0.006610577,Slight or no chnage
265,PNB,EQ,06-06-2018,82.65,82.75,85.5,82.3,84.5,84.7,84.23,18167507,1530232915,52345,2337017,12.86,6,2018,134.428299,0.024803388,Slight or no chnage
266,PNB,EQ,07-06-2018,84.7,85.1,86.85,84.35,86.05,86.1,85.71,17624425,1510677289,49146,2148594,12.19,6,2018,134.2865919,0.016528926,Slight or no chnage
267,PNB,EQ,08-06-2018,86.1,86,91.2,85.4,90.3,90.45,89.14,39225458,3496500617,107440,5012234,12.78,6,2018,134.0023715,0.050522648,Slight or no chnage
268,PNB,EQ,11-06-2018,90.45,92,94.7,91.1,91.4,91.6,92.94,37150478,3452764975,110986,4395088,11.83,6,2018,133.7435823,0.012714207,Slight or no chnage
269,PNB,EQ,12-06-2018,91.6,91.4,92.7,90.65,91.85,91.75,91.73,21847334,2004157631,56820,1927454,8.82,6,2018,133.5934006,0.001637555,Slight or no chnage
270,PNB,EQ,13-06-2018,91.75,92.15,93.2,90.9,91.25,91.3,92.12,19488548,1795212684,54465,2026382,10.4,6,2018,133.4589061,-0.004904632,Slight or no chnage
271,PNB,EQ,14-06-2018,91.3,91,92.3,89.3,92.25,91.7,90.65,19136052,1734705051,56484,1819620,9.51,6,2018,133.3289191,0.004381161,Slight or no chnage
272,PNB,EQ,15-06-2018,91.7,92.1,93.15,89.6,89.75,89.85,91.17,21610044,1970181189,63617,2523419,11.68,6,2018,133.176616,-0.020174482,Slight or no chnage
273,PNB,EQ,18-06-2018,89.85,89.5,90.65,88.2,88.3,88.5,88.95,12204751,1085653669,36059,1344134,11.01,6,2018,133.0884045,-0.015025042,Slight or no chnage
274,PNB,EQ,19-06-2018,88.5,88.3,89.65,86.45,86.75,86.8,87.88,16686961,1466409926,44050,1741280,10.43,6,2018,132.9637825,-0.01920904,Slight or no chnage
275,PNB,EQ,20-06-2018,86.8,86.8,87.6,85.7,85.75,86.2,86.59,15014284,1300069543,38996,1320528,8.8,6,2018,132.8507746,-0.006912442,Slight or no chnage
276,PNB,EQ,21-06-2018,86.2,86.25,86.55,83.2,83.35,83.4,84.26,17947960,1512304585,47383,3002331,16.73,6,2018,132.7083352,-0.032482599,Slight or no chnage
277,PNB,EQ,22-06-2018,83.4,83.4,83.7,81.6,81.85,81.9,82.19,26172821,2151135309,55917,8342204,31.87,6,2018,132.4958118,-0.017985612,Slight or no chnage
278,PNB,EQ,25-06-2018,81.9,81.9,82.4,79.5,79.65,79.8,80.94,18367654,1486644175,44687,3194122,17.39,6,2018,132.3415785,-0.025641026,Slight or no chnage
279,PNB,EQ,26-06-2018,79.8,79.5,81.15,78.85,79.6,79.85,79.96,24559936,1963776964,56365,4574708,18.63,6,2018,132.1369487,0.000626566,Slight or no chnage
280,PNB,EQ,27-06-2018,79.85,79.85,80.25,75.25,76.55,76.75,77.21,23005577,1776353859,62311,3857346,16.77,6,2018,131.9354326,-0.038822793,Slight or no chnage
281,PNB,EQ,28-06-2018,76.75,76.75,78.5,71.65,72.9,72.8,75.12,48215340,3622174076,90382,18732216,38.85,6,2018,131.4879223,-0.051465798,Slight or no chnage
282,PNB,EQ,29-06-2018,72.8,73.55,76.35,73.55,76.15,76.15,75.56,30436895,2299743780,74429,5782037,19,6,2018,131.2248207,0.046016484,Slight or no chnage
283,PNB,EQ,02-07-2018,76.15,76.8,79.75,74.4,77.95,78.15,76.85,27653723,2125148608,81283,2462208,8.9,7,2018,130.9965394,0.026263953,Slight or no chnage
284,PNB,EQ,03-07-2018,78.15,78,78.15,75.85,76.8,77.15,77,20767258,1599086426,60040,2285137,11,7,2018,130.8231731,-0.012795905,Slight or no chnage
285,PNB,EQ,04-07-2018,77.15,76.9,77.15,75.6,76,76.1,76.32,15453638,1179363781,36923,1748546,11.31,7,2018,130.6923783,-0.013609851,Slight or no chnage
286,PNB,EQ,05-07-2018,76.1,76.05,78,75.15,75.25,75.55,76.46,20437925,1562760920,49861,1910423,9.35,7,2018,130.5186222,-0.007227332,Slight or no chnage
287,PNB,EQ,06-07-2018,75.55,75.95,78,75.45,76.95,76.95,76.88,20777411,1597459481,47417,2286132,11,7,2018,130.3475691,0.018530774,Slight or no chnage
288,PNB,EQ,09-07-2018,76.95,78,78.6,77.45,77.75,77.8,78.01,16419039,1280843435,37748,2763219,16.83,7,2018,130.2153072,0.011046134,Slight or no chnage
289,PNB,EQ,10-07-2018,77.8,78.25,78.9,77.45,77.8,77.85,78.12,13975359,1091757206,31149,2002870,14.33,7,2018,130.1033605,0.000642674,Slight or no chnage
290,PNB,EQ,11-07-2018,77.85,78,78.2,75.35,75.55,75.55,76.56,15332841,1173911561,38910,3064369,19.99,7,2018,129.9757073,-0.029543995,Slight or no chnage
291,PNB,EQ,12-07-2018,75.55,76.1,77.7,75.75,75.85,76.1,76.68,15854520,1215790053,41091,1795387,11.32,7,2018,129.8456652,0.007279947,Slight or no chnage
292,PNB,EQ,13-07-2018,76.1,76.3,76.35,73.15,74.1,73.85,74.12,17764493,1316634260,45078,3125452,17.59,7,2018,129.694632,-0.02956636,Slight or no chnage
293,PNB,EQ,16-07-2018,73.85,75.2,75.4,73.5,73.65,73.85,74.23,19426203,1442063797,51911,2891302,14.88,7,2018,129.530401,0,Slight or no chnage
294,PNB,EQ,17-07-2018,73.85,74.3,79.8,74.1,78.7,78.7,76.94,38586630,2968962009,89222,5913687,15.33,7,2018,129.2352007,0.065673663,Slight or no chnage
295,PNB,EQ,18-07-2018,78.7,80,81.95,74.5,75.3,75.2,77.36,50685774,3921188376,130231,8737508,17.24,7,2018,128.8261108,-0.044472681,Slight or no chnage
296,PNB,EQ,19-07-2018,75.2,75.55,76.9,74.2,75.3,75.3,75.74,22782507,1725614791,60179,1826412,8.02,7,2018,128.6445811,0.001329787,Slight or no chnage
297,PNB,EQ,20-07-2018,75.3,75.5,76.2,74.7,75.5,75.55,75.46,14332633,1081520763,38726,1171898,8.18,7,2018,128.5315414,0.003320053,Slight or no chnage
298,PNB,EQ,23-07-2018,75.55,75.55,79.8,74.95,78.65,78.95,77.37,28920645,2237561954,68799,5208807,18.01,7,2018,128.3194509,0.045003309,Slight or no chnage
299,PNB,EQ,24-07-2018,78.95,79.4,80.3,78.3,79.25,79.3,79.41,25963685,2061759369,64359,4810544,18.53,7,2018,128.1319241,0.004433186,Slight or no chnage
300,PNB,EQ,25-07-2018,79.3,79.6,80.45,78.4,79.1,79.25,79.3,17521847,1389459834,40390,1952155,11.14,7,2018,128.0060498,-0.000630517,Slight or no chnage
301,PNB,EQ,26-07-2018,79.25,80.1,81.75,79.7,80.95,80.85,80.78,46087316,3722955290,97974,12857805,27.9,7,2018,127.6888039,0.020189274,Slight or no chnage
302,PNB,EQ,27-07-2018,80.85,81.1,84.45,80.85,82,82,82.85,59634047,4940945806,125894,17271924,28.96,7,2018,127.2945127,0.014223871,Slight or no chnage
303,PNB,EQ,30-07-2018,82,83.25,86.95,83.25,85.6,85.9,85.63,81035764,6939472606,181257,31015576,38.27,7,2018,126.8147029,0.047560976,Slight or no chnage
304,PNB,EQ,31-07-2018,85.9,86,87.2,84.3,85,85.1,85.53,37202427,3181757266,84985,6667356,17.92,7,2018,126.5938998,-0.009313155,Slight or no chnage
305,PNB,EQ,01-08-2018,85.1,85.1,88.7,84.5,86.1,87.4,86.14,42891508,3694791937,86506,11777256,27.46,8,2018,126.3561653,0.027027027,Slight or no chnage
306,PNB,EQ,02-08-2018,87.4,86.1,86.7,84.45,85,85.15,85.5,38618382,3301816086,79428,9464852,24.51,8,2018,126.1323482,-0.025743707,Slight or no chnage
307,PNB,EQ,03-08-2018,85.15,85.7,89.3,85.5,88.2,88.15,87.63,60881327,5335050354,147324,19020291,31.24,8,2018,125.8098703,0.035231944,Slight or no chnage
308,PNB,EQ,06-08-2018,88.15,89.5,90.7,88.2,89.95,90.05,89.77,49669291,4458717512,112345,13279782,26.74,8,2018,125.5638787,0.021554169,Slight or no chnage
309,PNB,EQ,07-08-2018,90.05,90.25,91.55,82.5,82.9,82.85,87.22,139040553,12126988013,329206,19446190,13.99,8,2018,124.7568978,-0.07995558,Slight or no chnage
310,PNB,EQ,08-08-2018,82.85,83.45,83.6,80.05,80.35,80.45,82.03,60658357,4975890436,141190,14160574,23.34,8,2018,124.3946967,-0.028968014,Slight or no chnage
311,PNB,EQ,09-08-2018,80.45,81.7,83.85,81.15,83.5,83.4,82.75,45391038,3755985205,109015,8356049,18.41,8,2018,124.1454456,0.036668738,Slight or no chnage
312,PNB,EQ,10-08-2018,83.4,83.95,84.75,82.6,83,83.25,83.71,51034567,4272181692,92040,14642015,28.69,8,2018,123.8677814,-0.001798561,Slight or no chnage
313,PNB,EQ,13-08-2018,83.25,82.5,82.65,79.6,80.7,80.4,81.44,30972235,2522341697,68763,6426000,20.75,8,2018,123.6894061,-0.034234234,Slight or no chnage
314,PNB,EQ,14-08-2018,80.4,81,81.85,79.5,79.75,79.9,80.55,20667786,1664766427,55210,4757930,23.02,8,2018,123.5698229,-0.006218905,Slight or no chnage
315,PNB,EQ,16-08-2018,79.9,79.15,82.75,78.65,82.05,81.55,81.34,39893139,3244824496,81680,8174841,20.49,8,2018,123.3494916,0.020650814,Slight or no chnage
316,PNB,EQ,17-08-2018,81.55,82.5,83.9,82.3,83.45,83.45,83.12,25610532,2128635767,53994,6210993,24.25,8,2018,123.2156317,0.02329859,Slight or no chnage
317,PNB,EQ,20-08-2018,83.45,84,84.9,82.8,83.65,84.2,83.84,25753772,2159280385,59336,7309026,28.38,8,2018,123.0844476,0.008987418,Slight or no chnage
318,PNB,EQ,21-08-2018,84.2,84.25,84.9,83.25,83.6,83.65,83.92,16719748,1403039381,35553,3447729,20.62,8,2018,122.9985541,-0.006532067,Slight or no chnage
319,PNB,EQ,23-08-2018,83.65,83.7,85.95,82,85.85,84.5,83.37,26998678,2250869913,55345,4851858,17.97,8,2018,122.8636216,0.010161387,Slight or no chnage
320,PNB,EQ,24-08-2018,84.5,85.2,87.9,85.05,85.6,85.8,86.47,62911086,5439638100,165987,13279769,21.11,8,2018,122.5633789,0.015384615,Slight or no chnage
321,PNB,EQ,27-08-2018,85.8,86.5,87.15,85,85.1,85.25,86.2,25336814,2184025064,61724,4881685,19.27,8,2018,122.4420402,-0.006410256,Slight or no chnage
322,PNB,EQ,28-08-2018,85.25,85.5,85.8,82.5,82.9,82.9,83.64,24887374,2081488106,58392,3856414,15.5,8,2018,122.3161372,-0.027565982,Slight or no chnage
323,PNB,EQ,29-08-2018,82.9,83.4,84.8,82.9,83.9,84.15,84.02,23031862,1935049838,50819,4538988,19.71,8,2018,122.2040058,0.015078408,Slight or no chnage
324,PNB,EQ,30-08-2018,84.15,84.1,85.9,83.6,84.75,85.1,84.94,40695329,3456821782,74684,10712023,26.32,8,2018,122.0123876,0.011289364,Slight or no chnage
325,PNB,EQ,31-08-2018,85.1,84.5,88.45,83.65,88,88.15,86.24,45793988,3949139627,94982,10887522,23.78,8,2018,121.8167372,0.035840188,Slight or no chnage
326,PNB,EQ,03-09-2018,88.15,88.3,89.3,86,86,86.35,88.05,30610408,2695345824,76964,4326268,14.13,9,2018,121.6802879,-0.020419739,Slight or no chnage
327,PNB,EQ,04-09-2018,86.35,86.4,86.85,82.85,83.3,83.15,84.72,25579702,2167003556,60666,5146043,20.12,9,2018,121.5568114,-0.037058483,Slight or no chnage
328,PNB,EQ,05-09-2018,83.15,83.2,83.85,81.4,83.15,83.1,82.66,21704587,1794074681,54937,2605713,12.01,9,2018,121.4525239,-0.000601323,Slight or no chnage
329,PNB,EQ,06-09-2018,83.1,84,84.7,82.85,83.2,83.25,83.61,25079939,2096853286,57788,4024839,16.05,9,2018,121.3331891,0.001805054,Slight or no chnage
330,PNB,EQ,07-09-2018,83.25,83.35,84.65,82.45,84.2,84.4,83.76,19594125,1641166883,45308,2695267,13.76,9,2018,121.243274,0.013813814,Slight or no chnage
331,PNB,EQ,10-09-2018,84.4,83.75,85,82,82.7,82.7,83.44,21243030,1772518181,59945,2811242,13.23,9,2018,121.1418103,-0.02014218,Slight or no chnage
332,PNB,EQ,11-09-2018,82.7,83.8,84.5,81.4,81.6,81.7,83.28,27909748,2324184295,61634,3616098,12.96,9,2018,121.0058668,-0.012091898,Slight or no chnage
333,PNB,EQ,12-09-2018,81.7,81.8,82.35,79.2,81,81.15,80.7,35789023,2888196060,88777,6213802,17.36,9,2018,120.8304898,-0.006731946,Slight or no chnage
334,PNB,EQ,14-09-2018,81.15,82.7,83.3,82.05,82.9,82.8,82.6,20505103,1693660137,50441,2667048,13.01,9,2018,120.7348517,0.020332717,Slight or no chnage
335,PNB,EQ,17-09-2018,82.8,82.4,84.05,81,82.9,83,82.57,26030699,2149243993,66176,2868065,11.02,9,2018,120.6147687,0.002415459,Slight or no chnage
336,PNB,EQ,18-09-2018,83,82.2,82.6,78.6,79.35,79.3,80.37,37211584,2990514361,78826,6813675,18.31,9,2018,120.4276725,-0.044578313,Slight or no chnage
337,PNB,EQ,19-09-2018,79.3,79.5,80.75,78.7,79.25,79.25,79.84,24270870,1937852725,54203,2073032,8.54,9,2018,120.306404,-0.000630517,Slight or no chnage
338,PNB,EQ,21-09-2018,79.25,79.55,80.35,67.4,73.2,72.85,75.03,50163352,3763644461,111043,9206243,18.35,9,2018,120.0192951,-0.080757098,Slight or no chnage
339,PNB,EQ,24-09-2018,72.85,74,74.4,68.65,68.8,69.2,70.61,37491629,2647152840,98995,8503213,22.68,9,2018,119.790541,-0.050102951,Slight or no chnage
340,PNB,EQ,25-09-2018,69.2,69.15,69.65,63.65,67.45,66.95,66.94,58214340,3896995266,133168,11740261,20.17,9,2018,119.423784,-0.032514451,Slight or no chnage
341,PNB,EQ,26-09-2018,66.95,68.15,69.2,66.25,66.9,67.05,67.52,43152887,2913668674,97525,6678426,15.48,9,2018,119.1556968,0.001493652,Slight or no chnage
342,PNB,EQ,27-09-2018,67.05,67.7,67.7,61.25,61.85,62.5,64.64,47047470,3041171566,120036,18391128,39.09,9,2018,118.841273,-0.067859806,Slight or no chnage
343,PNB,EQ,28-09-2018,62.5,62.55,63.4,58.45,59.75,59.7,60.73,68264539,4145592478,158537,12379718,18.13,9,2018,118.3688423,-0.0448,Slight or no chnage
344,PNB,EQ,01-10-2018,59.7,60,63.55,58.55,63.3,63.2,61.29,39640035,2429408454,96377,6114470,15.42,10,2018,118.114118,0.058626466,Slight or no chnage
345,PNB,EQ,03-10-2018,63.2,63.8,66.35,62.7,64.4,64.65,64.86,42231670,2739335283,103608,6306568,14.93,10,2018,117.852413,0.022943038,Slight or no chnage
346,PNB,EQ,04-10-2018,64.65,63.15,65.5,62.85,64.5,64.8,64.54,32208001,2078747423,75755,3753084,11.65,10,2018,117.6550972,0.002320186,Slight or no chnage
347,PNB,EQ,05-10-2018,64.8,65,66.35,63,63.25,63.85,64.78,31872123,2064824703,80788,4176873,13.11,10,2018,117.4577949,-0.014660494,Slight or no chnage
348,PNB,EQ,08-10-2018,63.85,64,64.6,61.1,62.7,62.85,63.24,29733364,1880355176,64550,3402988,11.45,10,2018,117.2716235,-0.015661707,Slight or no chnage
349,PNB,EQ,09-10-2018,62.85,63.45,63.9,61.5,62.8,62.65,62.67,24773210,1552469763,53109,1655065,6.68,10,2018,117.1169095,-0.00318218,Slight or no chnage
350,PNB,EQ,10-10-2018,62.65,62.8,66.95,62.3,66.5,66.3,64.82,30162010,1955133958,68958,5640187,18.7,10,2018,116.9422646,0.058260176,Slight or no chnage
351,PNB,EQ,11-10-2018,66.3,64,66,63.1,64.35,64.3,64.43,27655306,1781825602,60582,5379337,19.45,10,2018,116.7769032,-0.030165913,Slight or no chnage
352,PNB,EQ,12-10-2018,64.3,65.1,67.65,65.05,66.5,66.5,66.61,22188888,1477947036,52869,4875478,21.97,10,2018,116.6505076,0.034214619,Slight or no chnage
353,PNB,EQ,15-10-2018,66.5,67,67.95,65.35,67.55,67.55,67.11,21390663,1435486503,52876,4223244,19.74,10,2018,116.5317977,0.015789474,Slight or no chnage
354,PNB,EQ,16-10-2018,67.55,68.2,70.35,67.85,69.9,69.95,69.19,21972857,1520290714,56211,3370186,15.34,10,2018,116.4163986,0.035529238,Slight or no chnage
355,PNB,EQ,17-10-2018,69.95,71,71.15,66.1,66.3,66.5,68.5,24801387,1698975153,56621,5123946,20.66,10,2018,116.2772093,-0.049320944,Slight or no chnage
356,PNB,EQ,19-10-2018,66.5,66.2,67.4,65.25,66.15,66,66.39,18158920,1205518603,48163,2207272,12.16,10,2018,116.1747711,-0.007518797,Slight or no chnage
357,PNB,EQ,22-10-2018,66,66.9,67.45,65.4,65.8,65.7,66.41,16020570,1063935181,42701,1788997,11.17,10,2018,116.0842034,-0.004545455,Slight or no chnage
358,PNB,EQ,23-10-2018,65.7,65.45,66.25,63.85,65.15,64.75,64.97,16070344,1044078728,40061,2176375,13.54,10,2018,115.9919734,-0.014459665,Slight or no chnage
359,PNB,EQ,24-10-2018,64.75,65.8,66.35,64.6,66.3,65.8,65.36,17199693,1124229069,45278,3097894,18.01,10,2018,115.8956436,0.016216216,Slight or no chnage
360,PNB,EQ,25-10-2018,65.8,65.2,66.7,65,65.75,65.65,65.77,23250113,1529220818,65413,5552009,23.88,10,2018,115.7656255,-0.002279635,Slight or no chnage
361,PNB,EQ,26-10-2018,65.65,66,67.25,65.25,66.3,66.15,66.27,20915568,1386047534,49296,3152893,15.07,10,2018,115.6503973,0.007616146,Slight or no chnage
362,PNB,EQ,29-10-2018,66.15,66.85,71.8,65.6,70.75,70.9,69.59,36931154,2569956580,84576,6938666,18.79,10,2018,115.4676364,0.0718065,Slight or no chnage
363,PNB,EQ,30-10-2018,70.9,71,75.25,70.75,72.85,72.55,73.17,43626784,3191978432,99222,4671163,10.71,10,2018,115.2615772,0.023272214,Slight or no chnage
364,PNB,EQ,31-10-2018,72.55,73.8,74.25,71.7,73.6,73.65,73.12,28632204,2093559418,64732,3641425,12.72,10,2018,115.1308681,0.015161957,Slight or no chnage
365,PNB,EQ,01-11-2018,73.65,74.4,75,73.2,74.3,74.3,74.13,21269555,1576614116,49091,2710980,12.75,11,2018,115.0358138,0.008825526,Slight or no chnage
366,PNB,EQ,02-11-2018,74.3,74.95,78.7,68.05,68.95,69.05,72.83,91979581,6699194944,227254,14168787,15.4,11,2018,114.5774719,-0.070659489,Slight or no chnage
367,PNB,EQ,05-11-2018,69.05,68.7,70.95,67.4,70.8,70.4,69.19,33569269,2322773383,81635,3527283,10.51,11,2018,114.4173539,0.01955105,Slight or no chnage
368,PNB,EQ,06-11-2018,70.4,71.2,71.55,69.9,70.3,70.6,70.77,18682517,1322157441,48290,2408838,12.89,11,2018,114.3291468,0.002840909,Slight or no chnage
369,PNB,EQ,07-11-2018,70.6,71,71.2,70.6,71,70.95,70.92,2459502,174425464.7,11449,1086538,44.18,11,2018,114.3176537,0.004957507,Slight or no chnage
370,PNB,EQ,09-11-2018,70.95,71,72.4,70.2,71.6,71.65,71.65,16410330,1175721779,42655,2667613,16.26,11,2018,114.2423604,0.009866103,Slight or no chnage
371,PNB,EQ,12-11-2018,71.65,72,72.1,69.7,70.35,70.5,70.58,15610896,1101809724,36680,2508775,16.07,11,2018,114.1690541,-0.016050244,Slight or no chnage
372,PNB,EQ,13-11-2018,70.5,68.5,70.3,68.45,69.95,70,69.56,16257056,1130900289,39739,1610115,9.9,11,2018,114.092103,-0.007092199,Slight or no chnage
373,PNB,EQ,14-11-2018,70,70.5,72.05,70.1,70.65,70.75,71.05,19262384,1368615329,45177,2436716,12.65,11,2018,114.002818,0.010714286,Slight or no chnage
374,PNB,EQ,15-11-2018,70.75,70.75,71.6,69.75,71.05,71.15,70.93,13633606,966986001.1,30301,1974296,14.48,11,2018,113.9404278,0.00565371,Slight or no chnage
375,PNB,EQ,16-11-2018,71.15,71.4,74.15,70.6,73.25,73.2,72.36,29393571,2126921000,64667,6621521,22.53,11,2018,113.8129476,0.028812368,Slight or no chnage
376,PNB,EQ,19-11-2018,73.2,73.9,74.05,72.5,73.45,73.3,73.37,17064185,1251943776,41595,2159302,12.65,11,2018,113.7394867,0.00136612,Slight or no chnage
377,PNB,EQ,20-11-2018,73.3,72.3,74.3,70.65,70.95,71.3,72.9,22772511,1660082130,55361,3161196,13.88,11,2018,113.6370376,-0.02728513,Slight or no chnage
378,PNB,EQ,21-11-2018,71.3,71.35,73,71,72.9,72.7,72.16,15213307,1097830391,42552,2031961,13.36,11,2018,113.5711252,0.019635344,Slight or no chnage
379,PNB,EQ,22-11-2018,72.7,73,73.4,71.4,71.5,71.7,72.44,12316028,892218680,32046,1817852,14.76,11,2018,113.5166188,-0.013755158,Slight or no chnage
380,PNB,EQ,26-11-2018,71.7,72.1,72.2,69.85,71.35,71.25,70.98,14534558,1031666540,32391,1626641,11.19,11,2018,113.4517861,-0.006276151,Slight or no chnage
381,PNB,EQ,27-11-2018,71.25,71.25,73.15,70.6,72.45,72.45,71.76,18202285,1306122775,40126,2420673,13.3,11,2018,113.3731739,0.016842105,Slight or no chnage
382,PNB,EQ,28-11-2018,72.45,72.95,73,69.1,69.45,69.6,71.03,21486398,1526243081,51272,3935026,18.31,11,2018,113.2743297,-0.039337474,Slight or no chnage
383,PNB,EQ,29-11-2018,69.6,70.1,70.35,68.85,69.75,69.65,69.65,17242452,1200880067,43295,2923453,16.95,11,2018,113.1954217,0.000718391,Slight or no chnage
384,PNB,EQ,30-11-2018,69.65,70,70.5,69,69.9,69.9,69.71,14026529,977772766.8,34491,2370805,16.9,11,2018,113.1318085,0.003589375,Slight or no chnage
385,PNB,EQ,03-12-2018,69.9,70,72,69.45,71.55,71.45,70.74,15579155,1102013871,38318,2972118,19.08,12,2018,113.063898,0.022174535,Slight or no chnage
386,PNB,EQ,04-12-2018,71.45,71.45,71.9,69.25,69.65,69.55,70.62,17168281,1212471240,35981,3793750,22.1,12,2018,112.9859109,-0.026592022,Slight or no chnage
387,PNB,EQ,05-12-2018,69.55,69.5,70.1,68.4,68.65,68.95,69.3,15370028,1065143645,39501,3820238,24.86,12,2018,112.9153681,-0.008626887,Slight or no chnage
388,PNB,EQ,06-12-2018,68.95,68.5,68.65,65.85,66,66.1,66.9,22242427,1488068544,51052,5764840,25.92,12,2018,112.8070911,-0.0413343,Slight or no chnage
389,PNB,EQ,07-12-2018,66.1,66.4,67,64.45,65.8,66,65.98,21210644,1399411739,46818,3903238,18.4,12,2018,112.7040823,-0.001512859,Slight or no chnage
390,PNB,EQ,10-12-2018,66,64.9,65.85,64,64.75,64.85,64.91,15452401,1003038959,38443,1966712,12.73,12,2018,112.6274824,-0.017424242,Slight or no chnage
391,PNB,EQ,11-12-2018,64.85,63.5,69.15,63.35,68.8,68.7,66.97,33859505,2267629959,75550,3911957,11.55,12,2018,112.4739466,0.059367772,Slight or no chnage
392,PNB,EQ,12-12-2018,68.7,69.1,72,69.05,70.65,70.8,70.69,29040526,2052947878,63179,3270865,11.26,12,2018,112.3493915,0.030567686,Slight or no chnage
393,PNB,EQ,13-12-2018,70.8,71.6,72.5,70.95,71.35,71.35,71.67,18076633,1295558831,44355,3156544,17.46,12,2018,112.2732572,0.007768362,Slight or no chnage
394,PNB,EQ,14-12-2018,71.35,71,73.4,70.8,72.7,72.65,72.59,21183370,1537706909,59096,3545123,16.74,12,2018,112.18722,0.018220042,Slight or no chnage
395,PNB,EQ,17-12-2018,72.65,72.8,73.25,71.9,72.8,72.85,72.68,11039826,802416600.9,25644,1586572,14.37,12,2018,112.1427552,0.002752925,Slight or no chnage
396,PNB,EQ,18-12-2018,72.85,72.6,75.8,72.15,74.4,74.25,74.49,33486536,2494574746,82592,5593107,16.7,12,2018,112.013279,0.01921757,Slight or no chnage
397,PNB,EQ,19-12-2018,74.25,74.9,77.25,74.75,77,76.95,76.43,29772662,2275658997,74510,6323430,21.24,12,2018,111.9070809,0.036363636,Slight or no chnage
398,PNB,EQ,20-12-2018,76.95,76.4,78.1,75.65,76.35,76.1,76.96,28834262,2219121090,66328,3830293,13.28,12,2018,111.8023555,-0.011046134,Slight or no chnage
399,PNB,EQ,21-12-2018,76.1,77.75,78.8,75.7,76.7,76.35,76.96,40025985,3080285430,86490,8447888,21.11,12,2018,111.6590042,0.003285151,Slight or no chnage
400,PNB,EQ,24-12-2018,76.35,76.7,77.35,75.85,76.85,76.7,76.64,20719115,1587992756,38451,1881914,9.08,12,2018,111.5859851,0.004584152,Slight or no chnage
401,PNB,EQ,26-12-2018,76.7,77,78.3,74.7,78.2,77.75,76.24,22820304,1739895219,48295,2621243,11.49,12,2018,111.508323,0.0136897,Slight or no chnage
402,PNB,EQ,27-12-2018,77.75,78.45,78.85,77.3,77.9,77.95,77.94,24709123,1925878237,45379,4458523,18.04,12,2018,111.4251297,0.002572347,Slight or no chnage
403,PNB,EQ,28-12-2018,77.95,78,79,77.9,78.35,78.45,78.49,18081826,1419242196,36135,3613603,19.98,12,2018,111.3654163,0.006414368,Slight or no chnage
404,PNB,EQ,31-12-2018,78.45,78.7,79.45,77.85,78.1,78.1,78.45,13924275,1092290092,28721,1567542,11.26,12,2018,111.3190925,-0.00446144,Slight or no chnage
405,PNB,EQ,01-01-2019,78.1,78.6,80,78.05,79.95,79.8,79.07,18609031,1471497119,40373,3431838,18.44,1,2019,111.2605423,0.021766965,Slight or no chnage
406,PNB,EQ,02-01-2019,79.8,79.55,80.4,77.3,77.95,77.85,78.87,27192314,2144548937,56734,4095844,15.06,1,2019,111.1700976,-0.02443609,Slight or no chnage
407,PNB,EQ,03-01-2019,77.85,78.1,78.95,77.05,77.8,77.85,77.95,18780736,1463883160,36287,1474585,7.85,1,2019,111.1079161,0,Slight or no chnage
408,PNB,EQ,04-01-2019,77.85,78,81.9,77.65,81.85,81.3,80.13,35324306,2830622457,75559,6067487,17.18,1,2019,111.0036542,0.044315992,Slight or no chnage
409,PNB,EQ,07-01-2019,81.3,82.45,82.9,80,80.7,80.55,81.4,21061552,1714462864,50185,4354474,20.67,1,2019,110.9402752,-0.009225092,Slight or no chnage
410,PNB,EQ,08-01-2019,80.55,80.55,81.95,79.75,81.75,81.7,81.07,17598981,1426765934,39537,2368195,13.46,1,2019,110.8895142,0.014276847,Slight or no chnage
411,PNB,EQ,09-01-2019,81.7,82,82.15,79.8,80.35,80.7,80.97,18063915,1462651768,39800,2653314,14.69,1,2019,110.8358165,-0.012239902,Slight or no chnage
412,PNB,EQ,10-01-2019,80.7,80.3,81.65,80.1,81.05,81.25,80.93,15125630,1224042092,32884,1837351,12.15,1,2019,110.7918179,0.006815366,Slight or no chnage
413,PNB,EQ,11-01-2019,81.25,81.25,81.55,80.35,80.45,80.65,80.9,12150994,983050679.8,26695,1437130,11.83,1,2019,110.7558509,-0.007384615,Slight or no chnage
414,PNB,EQ,14-01-2019,80.65,80.35,82.9,79.1,82.85,82.5,81.15,22990328,1865763736,56239,4644210,20.2,1,2019,110.692201,0.022938624,Slight or no chnage
415,PNB,EQ,15-01-2019,82.5,82.85,83.4,81.5,82.05,81.95,82.44,14499042,1195336747,35641,2267817,15.64,1,2019,110.6514267,-0.006666667,Slight or no chnage
416,PNB,EQ,16-01-2019,81.95,82,85,81.85,84.05,84.25,84.15,30560868,2571567872,81644,4906946,16.06,1,2019,110.5727179,0.028065894,Slight or no chnage
417,PNB,EQ,17-01-2019,84.25,84.3,85.05,82.95,84.4,84.55,84.07,22181000,1864754592,63809,3871270,17.45,1,2019,110.5165322,0.003560831,Slight or no chnage
418,PNB,EQ,18-01-2019,84.55,84.55,84.85,82.5,82.75,82.85,83.78,16185024,1356052392,44728,2942085,18.18,1,2019,110.4730135,-0.020106446,Slight or no chnage
419,PNB,EQ,21-01-2019,82.85,82.85,83.55,79.65,80,80.25,82.02,20063465,1645692757,47785,2628097,13.1,1,2019,110.4141961,-0.031382016,Slight or no chnage
420,PNB,EQ,22-01-2019,80.25,80.2,80.5,78.3,78.45,78.6,79.28,17346423,1375215115,39313,2028620,11.69,1,2019,110.3607565,-0.020560748,Slight or no chnage
421,PNB,EQ,23-01-2019,78.6,78.6,79.4,77.3,77.55,77.75,78.53,12687561,996354334,31971,1670772,13.17,1,2019,110.3207402,-0.010814249,Slight or no chnage
422,PNB,EQ,24-01-2019,77.75,77.75,78.55,77.25,78.4,78.1,77.93,13272022,1034294333,28973,1475089,11.11,1,2019,110.279434,0.004501608,Slight or no chnage
423,PNB,EQ,25-01-2019,78.1,78.35,80.45,75.9,77,76.6,78.52,19763289,1551740954,44445,3407205,17.24,1,2019,110.2152633,-0.019206146,Slight or no chnage
424,PNB,EQ,28-01-2019,76.6,77,78.15,75.75,76.2,76.1,76.72,19106196,1465867002,47490,2556523,13.38,1,2019,110.1525388,-0.006527415,Slight or no chnage
425,PNB,EQ,29-01-2019,76.1,76.15,78.5,75.55,77.7,77.3,77.16,17793292,1372950827,42270,2126321,11.95,1,2019,110.0963827,0.015768725,Slight or no chnage
426,PNB,EQ,30-01-2019,77.3,77.75,78.25,76.7,77.2,77.25,77.39,11238545,869805042.9,26381,1335812,11.89,1,2019,110.0609585,-0.000646831,Slight or no chnage
427,PNB,EQ,31-01-2019,77.25,77.7,77.8,75.45,77.45,77.5,76.8,16757529,1286919684,39575,2828836,16.88,1,2019,110.0086814,0.003236246,Slight or no chnage
428,PNB,EQ,01-02-2019,77.5,78,78.4,73.55,73.8,73.9,76.24,25916009,1975725575,54212,3849114,14.85,2,2019,109.9192464,-0.046451613,Slight or no chnage
429,PNB,EQ,04-02-2019,73.9,74.05,74.1,71.05,73.5,73.15,72.41,22905988,1658709447,51975,2360852,10.31,2,2019,109.8389286,-0.01014885,Slight or no chnage
430,PNB,EQ,05-02-2019,73.15,74.5,76.5,72,73.3,73.4,74.63,70132820,5234219811,184975,6796631,9.69,2,2019,109.5968425,0.003417635,Slight or no chnage
431,PNB,EQ,06-02-2019,73.4,74.1,75.65,72.8,75.45,75.2,74.21,27503709,2041097670,64621,2841823,10.33,2,2019,109.5074578,0.024523161,Slight or no chnage
432,PNB,EQ,07-02-2019,75.2,75.65,76.6,74.85,75.65,75.65,75.69,23866199,1806532220,53494,2368010,9.92,2,2019,109.4312828,0.005984043,Slight or no chnage
433,PNB,EQ,08-02-2019,75.65,75,75,70.65,71.1,71.2,72.4,31290303,2265461385,85924,6171658,19.72,2,2019,109.3188419,-0.058823529,Slight or no chnage
434,PNB,EQ,11-02-2019,71.2,71.4,71.45,70.3,71,70.85,70.88,18322730,1298712119,67103,4883894,26.65,2,2019,109.2527044,-0.00491573,Slight or no chnage
435,PNB,EQ,12-02-2019,70.85,71.2,72.25,70.85,71.3,71.35,71.52,13405209,958680126.7,38573,1863854,13.9,2,2019,109.2050892,0.007057163,Slight or no chnage
436,PNB,EQ,13-02-2019,71.35,71.7,71.85,69.1,69.45,69.45,70.56,14108866,995502939.9,40002,2086552,14.79,2,2019,109.1525947,-0.026629292,Slight or no chnage
437,PNB,EQ,14-02-2019,69.45,69.5,72.65,68.7,72.35,72.25,70.95,18981245,1346628293,45074,2945259,15.52,2,2019,109.0871553,0.040316775,Slight or no chnage
438,PNB,EQ,15-02-2019,72.25,72,73.2,69.4,70.2,70.05,70.83,22508284,1594293500,50741,3966625,17.62,2,2019,109.0052398,-0.030449827,Slight or no chnage
439,PNB,EQ,18-02-2019,70.05,70.25,71.1,68.7,68.9,69,69.7,17183987,1197701407,49698,3383914,19.69,2,2019,108.9412529,-0.014989293,Slight or no chnage
440,PNB,EQ,19-02-2019,69,69.3,71.5,69.1,69.9,69.95,70.4,18800655,1323528808,46883,2359469,12.55,2,2019,108.8731397,0.013768116,Slight or no chnage
441,PNB,EQ,20-02-2019,69.95,70.4,71.45,70.25,71.2,71.1,70.88,14646666,1038190222,37791,2231622,15.24,2,2019,108.8218037,0.016440315,Slight or no chnage
442,PNB,EQ,21-02-2019,71.1,76,76,72.65,73,73.15,73.54,47884317,3521485797,110852,6155068,12.85,2,2019,108.6640087,0.02883263,Slight or no chnage
443,PNB,EQ,22-02-2019,73.15,72.95,73.95,72.5,73.35,73.2,73.25,17255280,1263934557,43245,1952517,11.32,2,2019,108.6075679,0.000683527,Slight or no chnage
444,PNB,EQ,25-02-2019,73.2,73.4,73.75,72.9,73.55,73.5,73.38,10143437,744367910.5,25716,2219541,21.88,2,2019,108.5747536,0.004098361,Slight or no chnage
445,PNB,EQ,26-02-2019,73.5,72.8,72.8,70.1,71.85,71.85,71.6,24903931,1783080890,56902,4713420,18.93,2,2019,108.4906706,-0.02244898,Slight or no chnage
446,PNB,EQ,27-02-2019,71.85,72.5,73.6,70.95,71.35,71.5,72.14,24053517,1735184536,51611,3458970,14.38,2,2019,108.4090512,-0.00487126,Slight or no chnage
447,PNB,EQ,28-02-2019,71.5,71.55,72.7,71.45,72.6,72.3,72.02,16139027,1162310765,32782,3769849,23.36,2,2019,108.3556719,0.011188811,Slight or no chnage
448,PNB,EQ,01-03-2019,72.3,73,77,72.7,77,76.65,75.41,37660508,2839964030,80382,7940741,21.09,3,2019,108.2466767,0.060165975,Slight or no chnage
449,PNB,EQ,05-03-2019,76.65,77,83.35,76.25,82.25,82.65,81.08,50845208,4122298389,129170,9619217,18.92,3,2019,108.1284251,0.078277886,Slight or no chnage
450,PNB,EQ,06-03-2019,82.65,82.7,83.8,81.4,82.2,82.4,82.51,27381377,2259179100,80702,5316308,19.42,3,2019,108.0645749,-0.003024803,Slight or no chnage
451,PNB,EQ,07-03-2019,82.4,82.45,86.2,81.3,85.4,85.45,84.84,48792690,4139723349,122281,8038554,16.47,3,2019,107.9650066,0.037014563,Slight or no chnage
452,PNB,EQ,08-03-2019,85.45,85.35,85.85,83.6,83.85,83.8,84.5,26190794,2213141430,64071,3656720,13.96,3,2019,107.9080311,-0.019309538,Slight or no chnage
453,PNB,EQ,11-03-2019,83.8,84.1,86.45,84.1,85.8,85.85,85.55,23446148,2005852646,68149,3706374,15.81,3,2019,107.8615715,0.024463007,Slight or no chnage
454,PNB,EQ,12-03-2019,85.85,86.75,87.35,84.75,85.1,85.4,85.97,28275260,2430874626,77215,6386050,22.59,3,2019,107.8046624,-0.005241701,Slight or no chnage
455,PNB,EQ,13-03-2019,85.4,85.2,85.95,83.3,85.05,84.85,84.63,26167126,2214634654,62335,3790818,14.49,3,2019,107.750966,-0.006440281,Slight or no chnage
456,PNB,EQ,14-03-2019,84.85,85.05,85.75,83.7,84.6,84.45,84.64,23309588,1972921370,57527,2402619,10.31,3,2019,107.7025128,-0.004714202,Slight or no chnage
457,PNB,EQ,15-03-2019,84.45,85.3,87.3,85.1,85.5,86.05,86.32,47765635,4123085420,109788,13075499,27.37,3,2019,107.6106391,0.018946122,Slight or no chnage
458,PNB,EQ,18-03-2019,86.05,86.45,87.1,85.05,86.7,86.65,85.99,28960560,2490398055,65665,4083352,14.1,3,2019,107.5568538,0.00697269,Slight or no chnage
459,PNB,EQ,19-03-2019,86.65,87.65,91.95,87.5,90.5,90.5,90.01,76686943,6902948227,170929,8465419,11.04,3,2019,107.4417391,0.044431621,Slight or no chnage
460,PNB,EQ,20-03-2019,90.5,91,94.15,89.35,93.8,93.55,91.87,65416389,6009891852,152364,6719229,10.27,3,2019,107.362222,0.033701657,Slight or no chnage
461,PNB,EQ,22-03-2019,93.55,95.95,95.95,90.6,91.05,91.55,93.7,69603817,6522164414,167633,13351006,19.18,3,2019,107.2665011,-0.021378942,Slight or no chnage
462,PNB,EQ,25-03-2019,91.55,89.55,91.25,89.2,90.4,90.3,90.25,30226076,2727976582,68050,3305295,10.94,3,2019,107.2220161,-0.013653741,Slight or no chnage
463,PNB,EQ,26-03-2019,90.3,91.2,93.1,90.7,93.1,92.5,91.9,24611358,2261866869,60146,4376577,17.78,3,2019,107.1906531,0.024363234,Slight or no chnage
464,PNB,EQ,27-03-2019,92.5,93.5,95.05,92.8,93.1,93.4,93.85,44404743,4167333183,98145,6169120,13.89,3,2019,107.1378497,0.00972973,Slight or no chnage
465,PNB,EQ,28-03-2019,93.4,93.9,95.8,93.35,95.4,95.35,94.92,43461013,4125408080,89634,9952002,22.9,3,2019,107.093839,0.020877944,Slight or no chnage
466,PNB,EQ,29-03-2019,95.35,95.8,97.55,95,95.25,95.5,96,39934180,3833597527,87014,5665498,14.19,3,2019,107.0542013,0.001573152,Slight or no chnage
467,PNB,EQ,01-04-2019,95.5,96.1,99.9,96.1,97.2,97.5,98.28,51690683,5080350787,117593,7431388,14.38,4,2019,107.0121068,0.020942408,Slight or no chnage
468,PNB,EQ,02-04-2019,97.5,97.65,99.8,96.05,98.6,98.3,98.19,52878919,5192400852,108171,6959555,13.16,4,2019,106.9730163,0.008205128,Slight or no chnage
469,PNB,EQ,03-04-2019,98.3,99.4,99.8,93.9,94.4,94.45,96.85,52523325,5087128002,109657,10103364,19.24,4,2019,106.9174521,-0.039165819,Slight or no chnage
470,PNB,EQ,04-04-2019,94.45,94,95.75,92.85,93.7,93.65,94.24,45741687,4310589008,105400,5496413,12.02,4,2019,106.8663829,-0.00847009,Slight or no chnage
471,PNB,EQ,05-04-2019,93.65,94.3,94.75,92,93.8,93.1,93.14,30275193,2819743307,74935,4156634,13.73,4,2019,106.8313995,-0.005872931,Slight or no chnage
472,PNB,EQ,08-04-2019,93.1,93.75,95,92.3,93.2,93.1,93.59,34248451,3205163749,79333,6552424,19.13,4,2019,106.7920388,0,Slight or no chnage
473,PNB,EQ,09-04-2019,93.1,93.2,94.65,91.6,94.25,94.35,93.06,35537791,3307195966,82773,4937460,13.89,4,2019,106.755141,0.013426423,Slight or no chnage
474,PNB,EQ,10-04-2019,94.35,94,94.95,93.05,93.3,93.35,94.05,24772662,2329969596,58495,3381048,13.65,4,2019,106.7274866,-0.010598834,Slight or no chnage
475,PNB,EQ,11-04-2019,93.35,93.4,93.55,92,92.65,92.7,92.69,20082380,1861402353,50109,2923261,14.56,4,2019,106.7040664,-0.006963042,Slight or no chnage
476,PNB,EQ,12-04-2019,92.7,92.8,93.6,92.2,93.35,93.35,92.91,20151855,1872290757,45092,2988762,14.83,4,2019,106.6817309,0.007011866,Slight or no chnage
477,PNB,EQ,15-04-2019,93.35,93.8,94.45,93,93.7,93.85,93.79,17833602,1672626217,37969,3912386,21.94,4,2019,106.662766,0.005356186,Slight or no chnage
478,PNB,EQ,16-04-2019,93.85,93.5,93.95,92.35,92.6,92.8,93.19,16776973,1563434598,37984,2455901,14.64,4,2019,106.643518,-0.011188066,Slight or no chnage
479,PNB,EQ,18-04-2019,92.8,92.55,92.8,89.7,90,90.05,90.72,24453025,2218413078,56615,5154445,21.08,4,2019,106.6100048,-0.029633621,Slight or no chnage
480,PNB,EQ,22-04-2019,90.05,89.9,90,86.15,86.5,86.65,88.32,22607916,1996658638,61840,3994893,17.67,4,2019,106.5728037,-0.037756802,Slight or no chnage
481,PNB,EQ,23-04-2019,86.65,86.55,89,86.5,87.3,87.2,87.91,26099019,2294305027,59387,2148393,8.23,4,2019,106.531211,0.006347374,Slight or no chnage
482,PNB,EQ,24-04-2019,87.2,87.7,88.8,86.75,88.7,88.35,87.7,20354853,1785092803,45173,2008365,9.87,4,2019,106.5008186,0.013188073,Slight or no chnage
483,PNB,EQ,25-04-2019,88.35,88,89.15,86.05,86.45,86.75,87.83,20631056,1812032873,42245,3336878,16.17,4,2019,106.467411,-0.018109791,Slight or no chnage
484,PNB,EQ,26-04-2019,86.75,87.45,88.4,86.45,88.25,88.15,87.31,20387608,1780126726,38907,2213013,10.85,4,2019,106.4368446,0.016138329,Slight or no chnage
485,PNB,EQ,30-04-2019,88.15,88.15,88.15,83.6,84.95,84.9,84.95,26321705,2235973315,64896,3590837,13.64,4,2019,106.3905452,-0.036868973,Slight or no chnage
486,PNB,EQ,02-05-2019,84.9,84.25,87.85,84,86.4,86.1,86.64,27331709,2368131377,54834,2773924,10.15,5,2019,106.3453522,0.014134276,Slight or no chnage
487,PNB,EQ,03-05-2019,86.1,86.95,87.8,86.3,87.3,87.15,87.13,20112657,1752334266,50336,1714096,8.52,5,2019,106.3139424,0.012195122,Slight or no chnage
488,PNB,EQ,06-05-2019,87.15,86.35,87.55,85.6,86.1,86.25,86.59,17151414,1485157429,40056,2442594,14.24,5,2019,106.2859841,-0.010327022,Slight or no chnage
489,PNB,EQ,07-05-2019,86.25,86.7,87.15,83.4,84.05,83.95,85.62,16356567,1400418264,37679,2333933,14.27,5,2019,106.2563417,-0.026666667,Slight or no chnage
490,PNB,EQ,08-05-2019,83.95,83.75,85.4,83.25,84.05,83.95,84.43,23380690,1974095460,52244,2674859,11.44,5,2019,106.214106,0,Slight or no chnage
491,PNB,EQ,09-05-2019,83.95,84.1,85.35,82.8,84.5,84.25,84.3,22934344,1933317207,44704,2025433,8.83,5,2019,106.1733878,0.003573556,Slight or no chnage
492,PNB,EQ,10-05-2019,84.25,85,87.25,84.4,86,86.25,85.53,21821500,1866352520,44879,1950720,8.94,5,2019,106.1383069,0.023738872,Slight or no chnage
493,PNB,EQ,13-05-2019,86.25,86.15,86.2,79.05,79.9,79.8,82.13,34293332,2816529415,88162,7102109,20.71,5,2019,106.065626,-0.074782609,Slight or no chnage
